fare_amount_bin,avg_tip
0.3,1.2725
0.44,0.0
0.77,0.0
0.79,0.0
0.86,0.0
1.09,6.525
1.21,0.0
1.34,0.0
1.65,0.0
1.73,9.05
1.8,0.0
1.9,0.0
2.34,0.0
2.45,0.82
2.56,3.14
2.99,0.0
3.25,0.0
3.37,0.0
3.6,0.0
3.96,0.36
4.19,0.37
4.32,0.0
4.55,0.485
4.88,1.14
5.55,0.725
5.56,0.0
5.83,6.0
5.85,0.0
5.9,0.335
6.89,0.765
7.15,0.0
7.26,0.0
7.33,1.19
7.59,0.0
7.66,3.0
7.8,1.6023703
7.88,1.096
7.99,8.38
8.06,0.0
8.09,1.73
8.2,0.90999997
9.03,1.475
9.51,2.35
9.56,1.0
9.6,1.1678572
9.9,1.4388889
10.03,2.17
10.26,1.105
10.33,0.0
10.35,0.35
10.4,1.4836364
10.53,2.25
10.65,2.25
10.7,0.6583333
10.75,1.655
10.85,2.25
11.01,0.0
11.13,2.86
11.36,1.0
11.38,0.0
11.4,2.0333333
11.65,2.35
11.7,1.2257143
11.81,1.21
12.3,2.3204117
12.7,1.3088235
12.89,3.52
12.99,0.0
13.55,1.3783333
14.14,2.99
14.34,2.27
14.38,1.0
14.88,2.76
15.01,0.0
15.07,0.0
15.09,0.8352941
15.1,0.6390909
15.15,0.48307693
15.16,0.0
15.25,0.0
15.34,0.0
15.39,0.0
15.54,0.58285713
15.56,0.0
15.69,0.0
15.76,0.724375
16.05,0.0
16.07,0.0
16.29,0.0
16.34,0.0
16.4,2.1466668
16.69,0.0
16.87,0.5883333
16.89,0.0
16.95,0.0
17.02,0.27384615
17.08,3.45
17.1,0.29
17.22,0.0
17.41,0.0
17.66,0.0
17.79,0.42222223
17.96,0.0
17.97,0.0
18.29,0.0
18.35,0.0
18.39,0.0
18.59,0.0
18.6,1.9766667
18.7,0.47708333
18.73,0.0
18.97,0.0
19.09,0.0
19.11,0.0
19.15,3.85
19.17,0.0
19.3,2.9525943
19.38,0.0
19.54,0.0
19.64,0.0
19.69,0.0
19.72,0.0
19.73,0.51375
19.78,0.0
19.87,0.0
19.89,0.43761906
19.91,0.0
20.01,0.0
20.18,0.03
20.42,0.0
20.47,0.0
20.59,0.0
20.6,0.92
20.63,0.0
20.67,0.0
20.81,0.0
20.87,0.0
21.16,0.0
21.2,0.88
21.21,0.0
21.22,0.0
21.23,0.0
21.34,0.58181816
21.37,0.0
21.47,0.0
21.53,0.0
21.62,0.0
21.65,0.0
21.69,0.0
21.7,1.8000001
21.78,0.0
21.86,0.0
21.94,0.0
22.16,0.0
22.27,0.0
22.36,0.0
22.64,0.0
22.71,0.0
22.75,0.0
22.82,0.0
22.94,0.0
23.05,0.0
23.11,0.0
23.15,0.0
23.21,0.0
23.3,3.8366666
23.35,0.0
23.37,0.0
23.46,0.40416667
23.52,0.0
23.66,0.0
23.71,0.0
23.72,0.0
23.87,0.0
24.02,0.0
24.03,0.0
24.06,0.57058823
24.08,0.0
24.1,0.0
24.14,0.0
24.23,0.0
24.25,0.0
24.43,0.825
24.54,0.0
24.57,0.0
24.74,0.0
24.89,0.0
24.93,0.0
24.97,0.0
25.04,0.388
25.14,0.0
25.32,0.0
25.38,0.7342857
25.52,0.0
25.65,0.0
25.68,0.0
25.71,0.0
25.74,0.0
25.91,0.0
25.97,0.80200005
26.0,4.7921524
26.06,1.8154546
26.07,0.0
26.13,0.0
26.41,0.0
26.46,1.3625
26.51,0.0
26.53,0.0
26.62,0.0
26.72,0.0
26.9,0.0
26.97,0.0625
27.03,0.0
27.34,0.0
27.48,0.0
27.56,1.0907693
27.69,0.0
27.73,0.0
27.82,0.0
27.86,0.0
27.89,0.0
27.9,1.148
27.94,0.0
28.01,0.0
28.31,0.0
28.33,1.91
28.34,0.0
28.63,0.0
28.65,0.0
28.66,0.0
28.69,0.0
28.75,0.9666667
28.82,0.0
29.0,5.5627604
29.07,0.0
29.09,0.0
29.11,0.0
29.14,0.0
29.21,0.0
29.28,1.8333334
29.55,0.0
29.67,0.0
29.82,0.0
30.01,0.0
30.02,0.0
30.11,0.0
30.12,0.0
30.36,0.55727273
30.51,0.0
30.6,2.7133334
30.65,0.0
30.71,0.0
30.72,0.0
30.83,0.0
30.91,0.0
30.93,0.0
31.04,0.0
31.2,1.5388889
31.32,0.0
31.48,1.0766667
31.58,1.0633334
31.67,0.0
31.7,0.7111111
31.77,0.0
31.8,4.037031
31.91,0.0
31.97,0.0
32.0,6.186699
32.01,0.0
32.02,0.0
32.06,3.185
32.18,0.0
32.2,1.65
32.22,0.5076923
32.32,0.0
32.38,0.0
32.43,0.0
32.64,0.0
32.71,0.0
32.86,0.0
32.88,1.1
32.89,0.0
33.3,5.1728206
33.31,0.0
33.38,0.0
33.39,0.0
33.45,0.0
33.56,4.4276667
33.84,0.0
33.94,1.1111112
34.02,0.0
34.07,0.0
34.08,0.0
34.26,1.09625
34.27,0.0
34.43,0.0
34.56,3.963617
34.81,0.0
34.83,0.0
34.99,0.0
35.02,0.706
35.08,0.0
35.22,0.0
35.34,0.0
35.95,0.0
35.98,1.775
36.17,0.0
36.33,0.0
36.36,1.5047619
36.39,0.0
36.66,8.0
36.94,0.0
36.99,0.0
37.04,0.0
37.15,1.25
37.25,1.2516667
37.58,1.6
37.61,0.0
37.65,0.0
37.83,3.0125
37.88,0.0
38.04,0.0
38.28,2.5666666
38.29,0.0
38.47,0.0
38.51,0.0
38.53,0.0
38.61,0.0
38.99,3.6016667
39.01,0.0
39.02,0.0
39.26,1.13
39.43,0.0
39.47,0.0
39.68,0.0
39.71,0.0
39.78,0.0
39.93,0.0
39.94,0.0
39.96,0.0
40.31,0.0
40.4,0.54
40.55,3.4466667
40.61,0.0
40.64,0.0
40.99,0.8333333
41.03,0.0
41.19,0.0
41.28,0.0
41.29,0.0
41.6,1.6959999
41.61,0.0
41.81,0.0
41.84,0.9366667
41.85,0.0
41.87,0.0
42.0,7.5824456
42.09,0.0
42.11,0.0
42.16,0.0
42.18,0.0
42.21,0.0
42.24,0.0
42.37,0.0
42.42,0.0
42.43,1.4166666
42.53,4.335
42.55,3.13375
42.6,3.5216668
42.73,0.0
42.94,2.148
42.95,0.0
43.0,7.6707745
43.16,0.0
43.27,0.0
43.33,0.0
43.45,0.0
43.59,2.9166667
43.69,0.0
43.86,0.0
43.88,0.0
44.09,7.433333
44.11,0.0
44.12,0.0
44.15,0.0
44.61,0.0
44.82,0.0
44.96,0.0
45.15,1.5083333
45.22,0.0
45.31,0.0
45.32,0.0
45.36,3.0766666
45.47,0.0
45.63,0.0
45.68,0.0
45.76,5.6083336
45.79,0.0
45.84,0.0
45.99,3.1425
46.11,0.0
46.13,0.0
46.14,0.0
46.15,0.0
46.24,0.0
46.31,0.0
46.32,0.0
46.37,0.0
46.39,0.0
46.41,0.0
46.66,5.34
46.7,1.6
46.79,0.0
46.94,0.0
46.97,0.0
46.98,3.7192307
47.18,0.0
47.3,4.669231
47.85,1.9200001
48.08,0.0
48.24,0.0
48.36,0.0
48.38,0.0
48.42,0.0
48.44,0.0
48.52,0.0
48.53,0.0
48.63,0.0
48.68,0.0
48.74,4.9
48.8,4.950476
48.86,0.0
48.87,0.0
48.95,0.0
48.97,0.0
49.07,0.0
49.13,0.0
49.17,0.0
49.2,7.82027
49.24,0.0
49.49,0.0
49.54,1.99
49.59,0.0
49.6,0.0
49.66,0.0
49.76,8.279285
49.77,0.0
49.87,0.0
49.91,0.0
49.92,0.0
49.97,0.0
49.99,4.689
50.2,5.1
50.22,0.0
50.35,0.0
50.49,0.0
50.55,9.083333
50.67,0.0
50.85,0.0
50.92,0.0
50.97,0.0
50.99,0.0
51.04,0.0
51.14,0.0
51.41,0.0
51.65,0.0
51.66,0.0
51.7,8.810526
51.73,0.0
51.91,0.0
51.98,0.0
52.04,0.0
52.06,7.14
52.1,5.395
52.27,0.0
52.28,0.0
52.37,0.0
52.45,0.0
52.48,0.0
52.57,0.0
52.64,0.0
52.86,0.0
52.87,0.0
53.08,0.0
53.09,7.1200004
53.17,0.0
53.31,0.0
53.36,0.0
53.41,0.0
53.49,0.0
53.53,0.0
53.55,0.0
53.66,0.0
53.68,0.0
53.86,5.4
54.0,8.311333
54.09,0.0
54.13,0.0
54.14,0.0
54.18,0.0
54.2,2.8377552
54.24,0.0
54.25,2.0
54.44,0.0
54.47,0.0
54.55,0.0
54.84,0.0
54.93,0.0
54.95,0.0
55.02,0.0
55.03,0.0
55.1,0.75
55.23,0.0
55.36,0.0
55.37,0.0
55.39,0.0
55.48,0.0
55.65,3.7166665
55.69,0.0
55.86,2.4959998
55.9,0.0
55.97,0.0
56.0,8.628312
56.02,0.0
56.04,0.0
56.14,0.0
56.25,6.955
56.32,0.0
56.44,0.0
56.45,0.0
56.46,0.0
56.5,8.7195215
56.59,0.0
56.65,3.8500001
56.75,2.8777778
56.78,0.0
56.85,0.0
57.09,8.6175
57.1,0.0
57.17,0.0
57.25,6.8275003
57.41,0.0
57.42,0.0
57.44,0.0
57.45,6.1400003
57.67,3.8966665
57.85,8.059999
57.95,5.0
58.02,3.92
58.39,11.84
58.43,9.475
58.67,10.875
58.69,0.0
58.82,0.0
58.84,9.58
58.94,1.88
59.16,0.0
59.17,0.0
59.39,0.0
59.41,0.0
59.45,0.0
59.57,0.0
59.85,12.58
59.96,0.0
60.11,0.0
60.12,0.0
60.34,0.0
60.4,0.0
60.55,0.0
60.56,3.9275
60.6,12.18
60.7,3.8125
60.77,0.0
61.34,2.6933334
61.43,0.0
61.66,0.0
61.69,0.0
61.83,0.0
61.88,0.0
61.97,0.0
62.08,6.26
62.11,5.2433333
62.15,12.59
62.22,9.75
62.29,0.0
62.49,0.0
62.5,10.101387
62.73,6.0
62.75,7.9866667
62.93,3.19
63.08,11.096818
63.28,0.0
63.3,10.658095
63.31,0.0
63.32,7.915
63.41,0.0
63.46,12.75
63.66,0.0
63.82,8.08
63.85,6.415
63.89,17.61
63.9,11.26
64.34,0.0
64.46,12.975
64.66,0.0
64.82,10.0
64.9,12.043333
65.2,9.9
65.21,11.6
65.26,0.5
65.38,6.62
65.5,11.223588
65.61,0.0
65.77,0.0
65.85,14.885
66.0,11.372019
66.15,4.0
66.4,8.34
66.44,0.0
66.64,0.0
66.65,13.35
67.03,13.47
67.05,6.725
67.14,0.0
67.16,0.0
67.2,8.84
67.3,9.415
67.32,16.895
67.38,0.0
67.68,0.0
67.73,8.105
67.84,12.553333
68.1,17.925
68.18,0.0
68.3,11.159091
68.39,13.74
68.62,0.0
68.86,0.0
69.1,11.0
69.13,0.0
69.27,0.0
69.36,10.621538
69.47,17.44
69.68,0.0
69.76,15.25
69.99,15.86
70.0,11.169742
70.53,0.0
70.65,7.095
71.05,14.27
71.06,0.0
71.09,0.0
71.49,10.0
71.56,9.67
71.57,8.0
72.5,12.871189
72.99,23.86
73.2,7.375
73.77,0.0
73.89,18.55
74.36,18.66
74.38,8.636
74.68,13.293333
74.81,0.0
74.97,0.0
75.5,13.316131
75.6,15.135
75.99,16.101667
76.14,0.0
76.15,19.1
76.16,15.25
76.7,11.0
77.05,9.65
78.65,0.0
79.47,1.0
80.01,5.0
80.37,0.0
80.45,3.3333333
80.76,13.1
80.79,1.335
80.98,16.25
81.2,2.5
81.76,9.2
81.8,0.0
82.28,0.0
82.55,9.385
82.58,0.0
83.24,0.0
83.52,10.0
83.76,13.5
84.46,16.983334
84.52,16.96
84.57,12.02
84.58,15.27
84.67,0.0
84.83,0.0
85.17,0.0
86.25,14.16625
86.64,0.0
86.8,14.673333
87.05,0.0
87.2,3.0
87.78,0.0
87.99,21.3
88.9,11.0
89.32,10.0
89.37,12.0
89.48,15.303332
90.7,16.1
90.75,14.3275
91.25,10.0
91.56,0.0
91.7,11.7
92.4,10.0
92.5,15.452983
92.6,18.68
92.75,12.043333
92.9,10.0
93.15,9.596667
93.5,14.93934
94.0,15.121658
94.95,19.05
95.5,15.781561
96.05,10.0
96.34,0.0
96.66,24.2
97.1,0.0
97.13,28.9
97.3,14.75
97.78,15.0
97.82,19.72
98.75,11.8675
99.32,0.0
100.03,20.07
100.1,3.0
100.5,16.313665
100.9,0.0
101.7,20.4
102.96,28.56
103.25,19.36625
105.76,15.786
106.24,28.64
106.35,15.0
106.74,25.05
107.26,21.5
108.76,11.0
108.88,23.642
109.15,38.02
109.7,20.7
111.17,22.25
112.2,15.0
112.22,23.64
112.88,0.0
114.0,19.56836
114.2,22.9
114.96,0.0
115.75,20.4525
116.61,0.0
117.72,0.0
117.86,23.73
118.0,18.690456
118.75,18.962162
119.39,24.04
120.05,22.035
122.22,16.567223
122.26,10.0
122.8,15.0
123.88,0.0
124.0,18.470514
124.75,22.116364
125.26,0.0
125.76,18.9575
126.12,27.55
127.15,0.0
127.36,0.0
127.5,19.235285
129.37,5.5
129.55,32.59
130.4,35.92
130.7,29.45
131.06,15.0
131.31,26.42
133.27,26.81
134.8,28.825
135.0,17.648903
135.5,20.5746
136.3,27.0
136.5,22.473888
136.75,30.26
137.76,11.5
138.8,23.76
138.99,30.18
141.0,18.938265
142.0,21.492891
142.5,21.788492
143.33,25.653334
146.0,17.9726
146.5,20.888979
146.6,32.45
147.75,20.972
149.13,29.85
149.81,0.0
150.01,0.0
151.26,0.0
153.26,30.81
153.5,22.752083
153.86,30.93
155.45,31.15
155.5,21.487104
155.75,15.655
158.0,22.011055
164.3,7.5
165.0,22.249447
168.06,33.65
168.88,20.0
169.3,33.0
170.5,21.583889
171.51,0.0
172.15,34.49
174.44,0.0
174.8,0.0
175.75,0.0
175.8,0.0
176.0,22.384127
176.52,35.35
177.82,35.6
178.0,22.74519
178.75,15.101666
179.0,22.905745
182.5,24.606428
183.3,0.0
183.5,20.72923
185.25,28.403334
189.0,25.130417
191.0,23.08675
195.5,28.963846
195.9,39.24
197.81,39.56
199.6,0.0
200.05,10.0
200.5,28.415556
200.9,17.546665
201.42,40.4
202.0,26.260555
202.7,0.0
203.5,37.71
203.56,40.75
206.25,26.23
208.06,43.2
209.0,30.461363
210.5,24.255556
210.75,42.2
211.51,20.0
212.5,27.944286
213.5,23.26
215.55,0.005
216.0,26.988077
216.26,43.3
217.0,26.961403
217.25,43.5
217.55,0.0
218.5,16.0
218.56,21.875
219.5,25.1025
219.7,2.0
221.11,49.81
222.21,22.3
224.67,35.0
224.75,48.76
226.66,34.32
228.5,25.5
233.34,46.83
235.76,20.0
243.0,38.297333
244.04,30.0
246.0,26.581053
247.0,34.179523
247.89,0.0
248.0,28.887142
248.5,23.212
254.0,25.934444
254.5,29.080002
256.5,0.0
261.0,29.73
263.5,3.3333333
275.8,25.0
276.0,32.68
278.0,29.005625
279.5,72.49
281.62,30.0
286.09,60.63
289.0,33.916668
296.0,36.44818
297.5,56.673336
299.99,61.31
306.0,53.728
311.09,20.0
315.0,44.12294
315.5,10.0
317.0,23.6125
320.0,33.964886
320.5,37.055
325.0,29.662258
335.5,0.0
344.0,34.127502
349.2,1.08
353.0,36.43
361.0,0.0
366.25,48.0
374.5,0.0
376.0,10.0
383.0,0.0
385.0,40.0825
397.0,0.0
400.0,33.652103
405.5,0.0
416.5,0.0
441.5,0.0
451.0,0.0
461.0,0.0
465.0,0.0
474.5,0.0
475.01,0.0
492.0,0.0
495.0,0.0
498.0,0.0
499.0,0.0
615.15,0.0
800.0,0.0
900.0,0.0
1324.5,0.0
1507.5,0.0
2020.2,0.0
3007.0,0.0
4311.0,0.0
5724.5,0.0
9984.22,0.0
99618.22,0.0
0.02,2.4821053
0.08,0.065
0.18,0.0
0.22,0.060000002
0.58,0.030000001
0.88,0.0
1.03,0.0
1.1,0.015166052
1.35,0.0
1.86,0.0
1.99,0.0
4.03,1.4
4.7,0.5
4.77,2.0
4.8,0.89914894
5.43,0.0
5.47,0.72
5.77,0.0
5.92,1.0
5.94,2.0
6.09,1.6
6.15,0.0
6.3,1.2313095
6.5,1.6453476
6.63,0.0
7.25,0.0
7.38,1.33
7.56,1.22
7.6,0.86866665
7.77,0.96444446
8.08,0.0
8.25,0.0
8.26,0.0
8.45,1.85
8.58,2.22
9.31,2.4
9.7,0.91770494
9.89,0.0
10.55,0.0
10.88,2.2266667
11.33,1.4749999
11.45,0.0
11.62,2.98
11.71,2.5
11.76,1.988
11.84,2.48
12.11,2.48
12.34,0.0
12.62,0.0
12.75,0.5416667
12.82,2.04
12.96,1.625
13.85,1.18
13.9,2.18
14.0,2.369738
14.1,2.626
14.13,2.99
14.59,1.0
14.75,1.4925001
15.05,0.0
15.12,0.0
15.13,0.0
15.2,0.48947367
15.28,0.0
15.4,0.4876923
15.41,0.0
15.45,0.0
15.58,0.0
15.81,0.0
15.82,0.0
15.87,0.0
15.88,1.4155556
15.96,0.925
15.98,0.0
16.26,1.4285715
16.3,2.7821376
16.35,0.0
16.41,0.0
16.47,0.0
16.48,0.0
16.57,0.0
16.73,0.0
16.92,0.0
16.96,0.0
16.98,0.0
16.99,3.56
17.12,0.0
17.16,0.41411763
17.29,0.0
17.3,2.7626555
17.43,0.0
17.51,0.0
17.57,0.52428573
17.73,0.0
17.8,3.0642052
18.03,0.0
18.05,0.0
18.23,0.0
18.27,0.0
18.28,0.37
18.64,0.0
18.66,0.0
18.67,0.0
18.76,0.0
18.82,0.36380953
19.05,0.0
19.18,0.0
19.23,0.0
19.4,3.9
19.67,0.0
19.7,1.8792453
19.76,0.34266666
19.97,0.675
20.14,0.0
20.27,0.4677778
20.3,2.8476841
20.48,0.0
20.52,8.2
20.55,0.0
20.57,0.0
20.75,0.0
20.79,0.0
20.88,0.0
20.95,0.0
21.02,0.0
21.03,0.0
21.13,0.40727273
21.14,0.0
21.27,0.0
21.28,0.0
21.29,0.0
21.31,0.0
21.33,0.0
21.5,3.7391417
21.54,0.0
21.8,3.5665307
21.83,0.0
21.99,0.6045455
22.03,0.0
22.2,2.2272727
22.22,2.8765574
22.33,0.0
22.49,0.0
22.58,0.0
22.66,0.0
22.68,0.0
22.81,0.0
22.85,0.59125
22.86,0.52555555
22.87,0.0
23.0,4.058266
23.09,0.9883333
23.13,0.0
23.22,0.0
23.25,0.0
23.33,0.8584615
23.38,0.0
23.39,0.1311111
23.45,0.0
23.88,0.0
23.93,0.0
23.94,0.0
23.97,0.0
24.39,0.0
24.46,0.0
24.61,0.0
24.66,0.0
24.76,0.0
24.82,0.0
24.9,1.0666667
24.91,0.0
24.98,0.0
25.01,0.0
25.26,1.8371428
25.36,0.0
25.4,0.7428571
25.41,0.0
25.47,0.0
25.49,0.0
25.51,0.0
25.54,0.54833335
25.57,0.0
25.6,3.55
25.63,0.0
25.72,0.0
25.89,0.8733333
26.15,0.0
26.18,0.0
26.34,0.0
26.58,0.0
26.76,1.8044444
26.82,1.35
26.85,0.23608695
27.02,0.0
27.08,0.0
27.15,0.0
27.28,0.78
27.33,0.0
27.58,0.0
27.71,0.0
27.91,0.0
28.16,0.0
28.18,0.0
28.26,2.375
28.38,0.0
28.39,0.0
28.56,2.039
28.6,0.0
28.62,0.0
28.77,0.0
28.87,0.0
28.96,0.0
29.04,0.0
29.12,0.0
29.24,0.0
29.26,0.98333335
29.32,0.0
29.33,0.0
29.34,0.0
29.39,0.0
29.43,0.0
29.45,0.0
29.57,0.0
29.59,0.0
29.72,0.0
29.84,0.0
29.86,0.0
29.92,0.0
30.03,0.0
30.14,0.0
30.23,0.0
30.44,0.0
30.56,4.895
30.69,0.0
30.73,0.0
30.85,0.0
30.87,0.0
30.97,0.0
30.99,0.0
31.02,0.0
31.06,4.490714
31.09,0.0
31.25,0.0
31.33,0.0
31.35,0.0
31.39,0.0
31.47,0.0
31.53,0.0
31.55,0.635
31.68,0.0
31.95,0.0
31.98,0.0
32.19,0.0
32.25,0.8333333
32.52,0.0
32.58,2.2266667
32.59,0.0
32.61,0.0
32.76,1.8875
32.9,0.0
32.93,0.0
33.01,0.0
33.03,0.0
33.11,0.60999995
33.24,0.0
33.27,0.0
33.28,0.0
33.32,0.0
33.43,0.0
33.53,0.0
33.67,0.0
33.7,0.33333334
33.99,0.0
34.01,0.0
34.14,0.0
34.6,0.0
34.65,0.0
34.68,0.0
34.71,0.0
34.72,0.0
34.76,0.875
34.77,0.0
34.78,0.0
34.84,0.0
34.94,0.0
35.03,0.0
35.1,0.0
35.18,0.0
35.19,0.0
35.27,0.0
35.29,0.59166664
35.39,0.0
35.52,0.0
35.6,1.79125
35.8,6.2508698
35.88,0.0
36.07,0.0
36.08,0.0
36.19,0.0
36.22,0.0
36.29,0.0
36.43,0.0
36.58,1.2
36.61,0.0
36.81,0.0
36.96,0.0
37.21,0.0
37.22,0.0
37.36,0.0
37.72,0.0
37.9,0.0
37.92,0.0
38.11,0.0
38.15,0.0
38.25,5.9366665
39.07,0.0
39.14,0.0
39.18,0.0
39.25,2.1022222
39.36,0.0
39.64,0.0
39.65,0.0
39.8,7.3124323
39.82,0.0
40.09,4.1342854
40.19,0.0
40.2,4.1
40.27,0.0
40.29,0.0
40.59,0.0
40.81,0.0
40.87,0.0
40.93,0.0
40.95,0.0
41.0,7.4592547
41.01,0.0
41.05,1.2925
41.2,2.9
41.37,0.0
41.38,0.0
41.4,0.0
41.42,0.0
41.47,4.175
41.49,0.0
41.52,0.0
41.79,0.0
42.02,0.0
42.03,0.96000004
42.15,0.0
42.27,0.0
42.4,0.0
42.51,0.0
42.52,0.0
42.57,0.0
42.65,0.0
42.77,0.0
42.78,0.0
42.96,0.0
43.01,0.0
43.02,0.0
43.08,0.0
43.26,3.2025
43.3,4.5724
43.37,0.0
43.39,0.0
43.52,0.0
43.68,0.0
43.75,5.649231
43.9,0.0
43.96,0.0
44.03,0.0
44.19,0.0
44.21,0.0
44.28,0.0
44.31,0.0
44.4,0.0
44.43,0.0
44.48,0.0
44.5,7.7556033
44.65,0.0
44.77,0.0
44.9,1.8
45.13,0.0
45.17,0.0
45.41,0.0
45.44,0.0
45.48,0.0
45.55,6.9422727
45.57,0.0
45.62,0.0
45.74,0.0
45.83,0.0
45.95,6.7200003
46.04,0.0
46.08,0.0
46.34,0.0
46.36,1.86
46.72,0.0
46.76,3.35
46.92,0.0
47.11,0.0
47.13,0.0
47.14,0.0
47.15,0.0
47.29,0.0
47.38,0.0
47.49,0.0
47.5,7.9291096
47.53,0.0
47.6,2.395
47.61,0.0
47.64,0.0
47.87,0.0
47.91,0.0
48.05,0.0
48.09,0.0
48.25,3.5625
48.34,0.0
48.49,0.0
48.54,0.0
48.66,3.3333333
48.78,0.0
48.84,0.0
48.93,0.0
48.98,6.38
49.3,7.9307146
49.36,0.0
49.37,0.0
49.44,2.5125
49.86,2.5025
49.88,0.0
49.89,0.0
49.94,0.0
49.98,9.072833
50.03,0.0
50.08,0.0
50.23,0.0
50.33,0.0
50.43,0.0
50.6,0.0
50.7,7.4
50.86,2.066
50.89,0.0
51.07,0.0
51.17,0.0
51.21,0.0
51.32,0.345
51.38,0.0
51.44,0.0
51.75,6.25
52.07,0.0
52.11,0.0
52.23,0.0
52.43,0.0
52.5,8.192753
52.56,9.338823
52.6,2.2866666
52.62,0.0
52.69,0.0
52.82,0.0
52.88,2.5
52.9,0.0
53.21,0.0
53.35,0.0
53.83,0.0
54.03,0.0
54.05,3.3666668
54.19,0.0
54.21,0.0
54.22,0.0
54.26,7.525
54.29,0.0
54.3,10.797857
54.35,0.0
54.53,0.0
54.67,0.0
54.71,0.0
54.73,0.0
54.75,0.0
54.86,0.0
54.91,0.0
54.98,3.7
55.06,6.9483333
55.17,0.0
55.2,6.4
55.21,0.0
55.44,0.0
55.49,0.0
55.51,0.0
55.52,6.15
55.53,0.0
55.58,0.0
55.72,2.825
55.77,0.0
55.8,8.720909
55.85,0.0
55.92,3.7333333
55.94,0.0
55.98,0.0
56.05,0.0
56.1,0.0
56.13,0.0
56.15,0.0
56.49,0.0
56.63,0.0
56.64,0.0
56.68,0.0
56.8,8.86875
56.86,0.0
56.87,0.0
56.9,8.032
57.04,0.0
57.14,0.0
57.19,0.0
57.24,7.5959997
57.33,0.0
57.35,0.0
57.46,3.0
57.51,0.0
57.63,0.0
57.66,5.1633334
57.79,3.9066668
57.86,7.0379996
57.87,0.0
57.91,0.0
57.94,0.0
58.14,0.0
58.15,3.9099998
58.32,8.0
58.44,13.0
58.5,9.075432
58.53,2.205
58.54,2.35
58.63,5.945
58.76,10.468429
58.88,9.265
59.06,10.451818
59.09,10.855
59.14,0.0
59.2,9.777692
59.24,5.16
59.36,0.0
59.49,0.0
59.81,0.0
59.84,12.13
59.95,6.025
60.24,6.625
60.8,8.808048
60.98,0.0
61.05,12.37
61.56,4.4744444
61.98,0.0
62.0,10.079875
62.01,0.0
62.12,0.0
62.18,0.0
62.32,15.78
62.47,0.0
62.77,0.0
62.9,3.75
63.03,12.4383335
63.15,8.07
63.17,0.0
63.19,0.0
63.36,9.240625
63.48,0.0
63.5,10.621787
63.56,7.1078787
63.6,11.72
63.84,10.605715
63.96,0.0
64.05,10.0
64.2,10.518518
64.45,0.0
64.53,9.505
64.55,3.2425
64.57,12.940001
64.6,16.285
64.7,7.7185187
64.75,7.772
65.0,10.932873
65.03,0.0
65.4,0.0
65.78,0.0
66.03,0.0
66.11,0.0
66.31,0.0
66.46,13.35
66.54,8.35
66.56,7.6027274
66.57,0.0
66.75,12.0
66.78,0.0
66.93,0.0
66.97,0.0
67.23,0.0
67.27,0.0
67.4,13.54
67.45,0.0
67.5,11.852947
67.83,13.63
67.85,10.0
67.86,0.0
67.88,14.075
67.98,6.0
68.09,14.247499
68.11,0.0
68.36,11.957143
68.41,0.0
68.5,12.160107
68.66,0.0
68.88,11.506666
68.9,13.851429
69.51,0.0
69.53,0.0
69.55,13.97
69.57,8.0
69.59,0.0
69.88,0.0
70.01,6.4
70.19,0.0
70.31,0.0
70.34,0.0
70.43,0.0
70.5,12.418679
70.56,11.141429
70.64,0.0
70.68,0.0
70.9,0.0
71.5,12.696168
71.9,0.0
72.17,0.0
72.56,12.536
72.65,0.0
73.16,0.0
73.5,13.192802
73.55,0.0
73.84,8.31
74.3,13.065263
74.48,4.0
74.56,9.536
74.73,4.0
74.86,7.5325003
75.01,0.0
75.55,10.668096
75.76,15.286
75.84,0.0
75.88,7.0666666
76.06,12.08
76.11,0.0
76.3,10.496364
77.12,15.45
77.3,12.506667
77.7,15.0
77.82,15.72
78.79,0.0
79.3,10.681539
79.8,11.62875
80.09,0.0
80.52,17.57
81.36,9.9
81.82,16.42
82.25,6.608333
82.26,0.0
82.35,20.65
82.7,9.35
83.22,0.0
83.75,13.548461
84.8,10.302857
84.84,0.0
85.1,0.0
85.75,15.431666
86.55,17.35
87.7,11.08
88.06,18.82
88.29,17.66
88.76,17.91
88.88,13.676667
89.25,17.91
89.51,12.0
89.74,18.01
89.8,11.9
90.0,13.556916
90.04,18.07
90.2,6.3333335
90.26,20.61
91.8,16.36
92.2,18.5
92.3,7.125
92.59,0.0
93.8,16.118
94.05,8.0
94.5,15.733126
96.09,0.0
96.2,5.55
96.75,18.863333
96.97,0.0
97.64,19.55
100.07,0.0
100.22,22.2
100.42,0.0
101.0,16.076418
101.3,0.0
101.4,0.0
101.91,0.0
102.22,0.0
102.6,4.104
102.75,11.655001
103.03,14.973333
103.18,15.0
103.76,7.0
103.91,0.0
104.75,0.0
105.25,15.0
105.3,0.0
106.25,18.408333
107.0,16.96202
107.2,24.0
107.23,21.5
108.0,17.25233
108.2,0.0
108.26,21.7
108.6,21.88
109.01,10.0
109.24,26.05
109.25,18.44
109.6,21.98
109.75,15.635
110.2,0.0
111.11,16.0522
111.55,5.0
111.65,0.0
112.25,15.714286
113.33,17.587143
114.11,0.0
114.5,19.490461
115.09,23.18
115.54,15.0
116.75,15.0
117.2,23.6
117.9,7.78
118.44,0.0
118.8,19.71
119.2,7.5
120.75,25.356667
120.9,21.745
121.05,10.0
122.98,24.76
123.11,15.0
123.25,24.81
123.56,0.0
123.75,27.009998
123.8,19.866667
126.05,29.060001
126.3,13.4
126.7,15.0
127.55,0.0
127.8,22.810001
128.73,32.56
130.56,10.08
130.9,20.0
130.92,38.94
131.0,18.674698
131.11,16.888
131.25,21.99
132.33,15.0
132.66,20.0
133.0,20.163681
134.2,27.0
134.26,19.003334
134.5,22.274391
135.76,13.0
137.27,27.5
137.51,15.0
138.76,27.81
139.5,23.646296
140.05,0.0
140.25,25.039999
140.58,15.1
140.83,28.17
141.9,10.0
143.2,28.8
145.03,15.0
146.19,0.0
147.77,20.0
148.0,21.071152
149.26,15.0
149.68,20.0
150.06,15.0
152.12,30.58
155.48,15.0
156.76,31.41
157.09,5.55
158.11,31.65
159.25,22.283333
159.55,15.0
160.0,20.265259
161.52,32.35
162.0,23.244797
163.56,32.75
165.5,22.92743
166.76,0.0
167.0,20.875914
173.0,22.509808
174.7,0.0
176.59,0.0
183.2,19.15
183.55,20.0
185.55,27.0075
185.75,48.08
187.25,37.61
188.0,25.23613
188.78,37.82
189.5,27.672777
197.0,24.47
197.77,0.0
198.5,24.194445
199.4,0.0
200.75,20.0
203.0,23.057878
207.77,20.0
215.99,10.0
216.5,29.835556
216.75,28.38
220.02,20.0
222.11,44.58
227.0,25.646563
227.22,30.0
228.88,20.0
230.0,25.53933
233.0,30.62
239.0,31.298
247.3,20.0
247.8,12.51
248.8,40.0
250.01,0.0
250.06,0.0
254.75,51.11
255.5,0.0
256.25,22.0
256.67,0.0
262.0,38.27111
264.75,53.0
265.55,20.0
266.5,0.0
268.7,56.2
269.0,36.426666
272.0,37.32909
274.0,32.468887
275.0,31.100851
275.54,0.0
280.0,29.537144
281.5,0.0
285.8,10.0
288.85,0.0
288.88,58.114998
290.0,30.82975
293.75,58.81
294.0,22.61
299.0,21.375383
300.0,33.94618
308.0,14.166
312.2,78.25
314.0,36.47167
321.22,120.0
329.0,46.023335
330.5,66.36
332.0,70.14667
335.01,0.0
336.5,0.0
339.5,68.06
342.0,25.656668
343.25,40.0
345.5,10.0
352.0,35.23
353.5,91.46
354.0,34.298332
356.0,30.416666
359.0,23.165
361.5,0.0
364.0,0.0
365.0,30.922857
366.0,16.6
370.0,24.88625
372.5,0.0
378.0,44.88
387.21,0.0
390.5,82.11
401.0,22.25
402.5,80.66
403.5,60.0
404.0,20.0
425.0,7.5
428.0,0.0
443.0,42.5
444.0,55.665
450.0,9.351539
467.5,0.0
471.5,0.0
484.0,0.0
488.0,0.0
493.0,0.0
509.0,0.0
512.0,0.0
524.0,0.0
550.0,0.0
573.0,0.0
660.0,0.0
682.95,0.0
712.95,0.0
726.71,0.0
778.5,0.0
793.0,0.0
850.0,0.0
1019.5,0.0
1500.0,0.0
2505.16,0.0
4004.5,0.0
8024.3,0.0
15409.3,0.0
19269.65,0.0
0.05,0.071239315
0.11,1.355
0.15,5.125
0.25,6.0025
0.41,0.0
0.8,4.9242105
0.97,0.0
1.0,0.76599544
1.55,0.0
1.92,0.0
2.1,0.0
2.18,0.0
3.08,0.0
4.05,0.32333335
4.1,0.5714286
4.4,25.0
4.65,1.2028571
4.99,0.0
5.05,0.0
5.09,0.78666663
5.39,1.1
5.46,0.575
5.6,1.1038889
5.76,0.23328768
6.4,0.81
6.58,0.0
6.76,0.0
7.36,0.3
7.4,1.3125
7.49,1.6
7.64,0.36
8.03,1.328
8.19,1.275
8.49,1.86
8.6,0.68833333
8.66,0.96
8.82,0.0
8.88,1.7512728
9.09,1.88
9.1,0.6857143
9.15,0.0
9.2,0.70096153
9.35,0.27714285
9.4,2.148
9.75,0.0
9.8,1.7834746
9.91,1.07
10.12,2.08
10.15,0.0
10.36,2.23
10.49,1.69
10.95,0.0
11.1,1.7892857
11.31,0.25
11.53,2.46
11.85,0.0
11.94,0.0
11.96,1.0
12.01,1.2
12.29,2.61
12.88,1.9671428
12.9,3.1057143
13.26,0.0
13.8,2.4694843
13.86,2.93
13.95,0.0
14.15,0.0
14.3,2.7060318
15.31,0.0
15.36,0.20866667
15.53,0.0
15.57,0.0
15.67,0.0
15.74,0.0
15.78,0.0
16.18,0.0
16.2,1.9678571
16.25,0.0
16.28,0.285
16.5,2.2264087
16.64,0.0
16.78,0.0
17.11,0.0
17.13,0.0
17.17,0.2875
17.25,0.17727274
17.44,0.0
17.68,0.0
17.84,0.0
17.85,0.9
17.9,2.755
17.92,0.0
17.95,0.0
18.19,0.0
18.45,0.0
18.53,0.0
18.57,0.0
18.61,0.0
18.85,0.0
18.9,3.05
18.95,0.0
19.2,0.79041666
19.29,0.0
19.34,0.0
19.35,0.0
19.41,0.0
19.6,1.5507692
19.68,0.0
19.77,0.0
19.9,1.3633333
19.94,0.0
20.15,0.0
20.23,0.0
20.34,0.0
20.39,0.0
20.41,0.0
20.54,0.0
20.62,0.0
20.74,0.0
20.85,0.0
20.9,0.53
20.93,0.0
21.09,0.0
21.11,1.425
21.17,0.0
21.26,0.0
21.44,0.0
21.52,0.0
21.67,0.0
21.68,0.0
21.76,0.0
21.77,0.0
21.85,0.0
21.97,0.0
22.06,0.82
22.13,0.0
22.19,0.0
22.24,0.0
22.47,0.0
22.48,0.0
22.51,0.0
22.59,0.0
22.6,0.1642857
22.62,0.0
22.65,0.0
22.7,0.4181818
22.76,0.0
22.79,0.0
22.92,0.0
22.96,0.0
22.99,0.2777778
23.04,0.0
23.19,0.0
23.53,0.7916667
23.6,1.96
23.67,0.0
23.75,1.3272728
23.92,0.0
24.19,0.0
24.21,0.0
24.31,0.0
24.59,0.0
24.6,1.3219999
24.62,0.0
24.7,0.65304345
24.8,3.4586208
24.81,0.0
24.85,0.03857143
24.96,0.0
25.0,4.530893
25.05,1.0
25.06,0.0
25.1,2.050625
25.11,0.0
25.17,0.0
25.24,0.0
25.44,0.0
25.59,0.31058824
25.77,0.0
25.87,0.0
26.23,0.0
26.32,0.0
26.38,0.0
26.43,0.0
26.44,1.3333334
26.57,0.0
26.92,0.0
27.07,0.0
27.11,0.0
27.14,0.0
27.32,0.0
27.36,0.6255556
27.38,0.0
27.52,0.0
27.54,0.0
27.74,0.0
27.75,0.0
28.04,0.0
28.08,0.0
28.17,0.0
28.24,0.0
28.35,0.0
28.52,0.0
28.58,0.0
28.74,0.0
28.81,0.0
28.89,0.0
28.92,0.0
28.95,0.0
28.97,0.0
29.02,0.0
29.17,0.0
29.25,2.0
29.44,0.0
29.54,0.0
29.6,0.54090905
29.71,0.0
29.88,0.0
29.91,0.0
29.97,0.0
29.98,3.01
30.05,0.0
30.07,0.0
30.24,0.0
30.37,0.0
30.42,0.0
30.45,0.0
30.48,0.0
30.64,0.0
30.67,0.7875
30.74,0.0
30.84,0.0
31.03,0.0
31.05,0.0
31.16,0.0
31.21,0.0
31.27,0.0
31.36,0.0
31.41,0.0
31.43,0.0
31.57,0.0
31.6,1.0583333
31.62,0.0
31.79,0.0
31.83,0.0
31.9,0.0
31.93,0.0
32.05,0.0
32.1,0.94
32.11,0.0
32.17,0.0
32.47,0.0
32.56,6.0709376
32.68,0.0
32.96,0.0
33.06,4.6745715
33.18,0.0
33.26,2.5700002
33.46,0.0
33.71,0.0
33.75,0.1923077
33.78,0.0
34.03,0.0
34.32,0.0
34.51,0.0
34.59,0.0
34.61,0.0
34.8,6.745306
34.82,0.0
34.97,0.0
35.05,9.1175
35.16,7.09
35.21,0.0
35.67,0.0
35.83,0.0
35.89,0.0
35.92,0.0
36.24,0.0
36.25,1.0155556
36.44,0.0
36.47,0.0
36.54,0.43941176
36.59,0.0
36.7,0.0
36.76,1.675
36.89,0.0
36.92,0.0
37.01,0.0
37.08,1.2416667
37.11,0.0
37.18,0.0
37.3,6.5626664
37.56,6.882353
37.63,0.0
37.64,0.0
37.7,2.1714284
37.86,0.76
37.87,5.0
37.89,0.70363635
38.01,0.0
38.06,5.185625
38.24,0.0
38.57,0.0
38.7,1.5642856
38.72,0.0
38.74,0.0
38.8,6.8675556
38.88,1.9766667
38.94,0.0
39.0,7.2162695
39.08,0.0
39.15,0.0
39.28,0.0
39.33,0.0
39.35,0.0
39.49,0.0
39.58,0.0
39.59,0.0
39.61,0.0
39.85,0.0
39.95,1.7214286
40.0,7.282744
40.14,0.0
40.24,0.0
40.36,0.0
40.45,3.4366667
40.51,0.0
40.57,0.68083334
40.68,0.0
40.72,0.0
40.85,0.0
40.96,0.0
41.06,6.257879
41.07,0.0
41.09,0.0
41.21,0.0
41.35,0.0
41.41,0.45833334
41.59,0.0
41.75,0.0
41.88,1.4
41.91,0.0
42.04,0.0
42.05,0.0
42.29,9.999999E-4
42.36,0.0
42.38,0.0
42.39,0.0
42.48,0.0
42.61,0.0
42.64,0.0
42.76,2.6666667
42.87,0.0
43.07,0.0
43.09,0.0
43.13,0.0
43.14,0.0
43.22,0.0
43.36,0.0
43.42,0.0
43.5,7.7196765
43.58,0.0
43.6,1.2685715
43.62,0.0
43.72,0.0
44.02,0.0
44.08,0.0
44.24,0.0
44.33,0.0
44.42,0.0
44.45,1.9250001
44.6,2.0177777
44.64,0.0
44.73,0.0
44.76,1.802
44.89,0.0
44.98,6.7166667
44.99,0.0
45.34,0.0
45.37,0.0
45.4,0.0
45.43,0.0
45.45,5.2014284
45.46,0.0
45.52,0.0
45.65,0.0
45.71,0.0
45.75,1.0222222
45.8,7.2917647
46.12,0.0
46.19,0.0
46.27,6.0
46.29,0.0
46.35,0.0
46.46,0.0
46.5,7.847583
46.52,0.0
46.56,7.9821877
46.62,0.0
46.67,0.0
46.8,5.3765383
46.85,0.0
46.9,2.35
47.16,0.0
47.17,0.0
47.27,0.0
47.31,0.0
47.37,0.0
47.4,0.25
47.42,0.0
47.48,0.0
47.56,7.105
47.71,0.0
47.72,0.0
47.76,2.5
47.89,0.0
47.94,0.0
48.03,0.0
48.11,1.956
48.13,0.0
48.16,0.0
48.18,0.0
48.29,0.0
48.31,0.0
48.46,2.5
48.47,0.0
48.55,2.9925
48.76,1.8575
48.79,0.0
48.81,0.0
48.85,0.0
48.88,3.2666667
49.01,4.93
49.08,0.0
49.18,0.0
49.25,9.91
49.29,0.0
49.35,0.0
49.38,0.0
49.41,0.0
49.51,0.0
49.63,0.0
49.75,6.255
49.8,5.7175
49.82,0.0
49.83,0.0
49.84,0.0
49.93,0.0
50.05,9.758
50.07,0.0
50.12,0.0
50.13,0.0
50.16,0.0
50.32,0.0
50.51,0.0
50.56,6.650769
50.61,0.0
50.62,0.0
50.64,0.0
50.65,0.0
50.81,0.0
50.88,0.0
51.03,0.0
51.08,0.0
51.12,3.46
51.18,0.0
51.33,0.0
51.5,8.183562
51.83,0.0
51.92,0.0
51.96,0.0
52.05,0.0
52.21,0.0
52.44,0.0
52.51,0.0
52.83,0.0
52.84,0.0
52.93,0.0
53.25,3.6033335
53.26,0.8333333
53.32,0.0
53.37,0.0
53.4,0.0
53.44,0.0
53.8,8.934375
53.84,2.7325
53.93,0.0
54.28,0.0
54.43,0.0
54.58,5.475
54.6,7.7266665
54.66,0.0
54.76,9.695
54.87,0.0
54.88,0.0
54.89,0.0
54.9,4.4
54.94,0.0
54.99,0.0
55.27,0.0
55.4,0.0
55.62,0.0
55.82,0.0
55.84,0.0
56.01,0.0
56.39,0.0
56.74,11.51
57.01,3.8166666
57.03,6.36
57.06,3.30625
57.16,0.0
57.34,3.8766668
57.56,6.893889
57.74,0.0
58.04,0.0
58.08,0.0
58.2,10.379118
58.23,0.0
58.25,6.732857
58.26,11.171609
58.35,5.0
58.36,9.773571
58.4,2.5
58.57,7.1219997
58.58,9.747692
58.81,0.0
58.95,2.9625
59.26,2.9775
59.34,10.912857
59.42,1.14
59.53,16.52
59.63,6.045
59.66,7.475
59.71,0.0
59.77,0.0
59.78,14.62
59.82,0.0
59.89,8.013333
59.97,0.0
60.0,9.628382
60.03,0.0
60.19,0.0
60.21,0.0
60.25,10.3925
60.3,10.213
60.49,0.0
60.72,0.0
60.78,0.0
60.88,0.0
60.94,0.0
61.02,0.0
61.06,4.908
61.08,0.0
61.11,15.35
61.36,0.0
61.53,0.0
61.54,0.0
61.7,3.125
61.73,0.0
61.75,11.135882
61.91,0.0
62.28,0.0
62.34,10.218667
62.41,0.0
62.44,0.0
62.84,10.07
62.85,14.776667
62.96,0.0
63.09,10.172
63.23,6.355
63.26,10.446
63.35,0.0
63.39,5.5
63.86,10.92
63.95,6.445
63.99,0.0
64.0,10.61216
64.23,0.0
64.38,0.0
64.4,12.9
64.58,9.175
65.3,10.404375
65.35,13.1
65.47,0.0
65.65,11.321428
65.75,3.0
65.9,13.315001
65.94,0.0
66.05,5.324
66.45,0.0
67.0,11.678434
67.01,18.25
67.35,14.78
67.52,5.0
67.56,7.922
67.81,0.0
68.04,0.0
68.34,12.933174
68.4,10.23
68.46,12.686341
69.06,8.382916
69.33,15.05
69.37,0.0
69.74,14.0
69.8,12.381707
69.98,5.0
70.26,0.0
70.3,9.115
70.33,0.0
70.76,13.1925
71.51,0.0
71.83,0.0
72.0,12.458399
72.32,9.746667
72.48,0.0
72.51,0.0
72.52,0.0
72.83,0.0
73.33,17.2
73.4,5.525
73.58,14.88
73.75,14.91
74.1,16.8
74.16,0.0
74.39,0.0
74.5,13.00511
74.75,13.604348
74.76,8.37
75.36,10.0575
75.63,0.0
75.7,9.56
75.73,0.0
76.31,0.0
76.56,11.4925
76.58,19.2
77.06,7.735
77.2,0.0
77.48,15.56
77.59,0.0
77.76,3.72
78.31,0.0
78.47,7.875
78.56,0.0
78.6,15.78
79.25,14.886
79.91,0.0
80.05,18.36
80.56,0.19
80.6,16.15
80.84,0.0
81.55,0.0
81.75,15.626
82.77,0.0
82.8,15.531667
82.9,0.0
84.01,0.0
84.09,18.95
84.5,13.998599
84.77,17.11
84.9,11.32
85.2,10.0
85.4,1.4
85.76,0.0
85.88,5.0
85.9,7.5
86.36,13.715
87.0,14.693126
87.25,15.701166
87.45,14.0
87.75,17.2275
88.3,14.172
89.09,0.0
89.55,18.07
90.3,11.805
90.86,15.433333
90.89,9.1
91.26,18.3
91.5,14.695738
93.58,18.88
93.82,0.0
93.94,6.6666665
94.83,0.0
95.0,15.055825
95.01,19.28
95.6,15.0
96.27,19.41
96.38,0.0
96.47,0.0
96.5,15.748623
96.76,10.0
96.9,19.44
97.4,20.195
97.7,9.8
98.74,0.0
99.11,0.0
99.97,0.0
100.01,25.736666
100.8,17.013334
101.5,16.942078
101.76,0.0
102.64,25.74
103.33,15.97
103.8,23.42
103.99,0.0
104.0,16.962566
104.04,7.5
104.3,7.5
104.58,0.0
105.05,15.525
106.0,16.531567
106.26,0.01
106.8,23.26
109.2,16.788
109.55,0.0
109.93,22.15
110.25,12.16
110.9,13.344
111.15,23.44
111.18,0.0
111.5,18.608843
112.0,16.799
112.76,34.07
113.22,10.0
113.94,0.0
113.95,27.0
115.76,22.4275
115.86,29.0
116.16,20.546667
117.12,24.715
118.25,0.0
118.26,10.0
118.76,14.705
119.5,21.318895
119.6,30.1
119.7,11.8
119.8,24.086668
119.94,24.05
120.25,5.0
120.3,23.635
121.21,0.0
121.25,12.327499
121.56,15.0
122.3,0.0
123.0,19.3221
123.22,31.0
124.56,26.845001
125.9,13.245
126.0,18.774464
126.52,25.36
126.6,29.0
128.6,0.0
128.75,21.33
128.8,12.9
129.08,20.0
130.5,19.573364
130.76,10.0
131.12,26.25
131.2,26.4
131.63,0.0
132.2,0.0
132.5,20.968737
132.7,27.85
133.5,16.670221
133.56,0.0
134.75,19.773333
137.12,20.615
138.5,18.873478
138.7,6.0
138.95,0.0
139.86,0.0
140.08,0.0
140.3,0.0
140.5,21.029667
140.75,28.57
140.76,22.666666
141.75,24.2025
142.2,0.0
142.26,25.0
142.4,18.0
143.25,15.0
143.99,16.0
144.5,28.026733
147.17,25.0
148.06,29.77
150.1,0.0
151.5,18.703783
151.77,30.45
152.0,20.861652
153.8,22.0
155.8,20.0
156.25,29.32
156.75,25.2575
156.8,31.52
158.06,25.0
158.76,0.01
159.5,29.147038
159.8,20.0
161.6,32.48
162.37,0.0
163.3,32.82
165.76,33.21
169.5,24.521034
169.75,17.5
172.22,35.65
173.19,25.0
174.5,21.165417
175.0,20.390976
176.66,25.6475
177.17,23.0
178.5,24.75375
180.01,0.0
181.56,15.0
184.28,0.0
185.05,37.07
188.9,0.0
189.7,57.15
189.99,0.0
190.9,20.0
192.25,20.0
199.9,52.9
200.04,0.0
205.25,45.61
205.55,51.535
211.11,20.0
212.22,43.66
220.0,25.197166
220.05,0.0
222.0,25.715117
222.22,26.477037
223.0,27.375713
223.5,27.859999
224.5,23.9875
226.0,27.345484
229.79,49.37
230.5,27.520908
232.8,48.31
235.5,21.665714
238.02,47.76
240.5,18.0
243.5,22.3375
243.75,50.06
244.0,32.987858
246.68,61.87
250.5,34.155
254.25,50.91
254.44,30.0
256.0,38.12909
257.5,32.02
259.7,0.0
267.0,47.32625
268.5,35.53
271.95,0.0
273.0,53.28857
276.5,24.85
277.5,36.261997
278.5,55.75
285.0,38.530712
288.81,57.92
289.5,0.0
292.0,39.593334
295.55,0.0
304.0,35.592
311.5,0.0
312.5,15.0
314.5,65.26
320.2,96.3
321.0,23.782501
324.81,55.0
326.0,27.296364
330.1,0.0
337.0,31.35
340.0,31.813105
342.5,68.66
345.0,38.689
345.57,86.59
349.75,0.0
350.5,75.71667
362.0,29.94
377.5,75.76
381.5,153.94
384.0,31.086666
386.0,0.09
393.0,78.76
399.99,30.0
410.0,41.08
439.75,10.0
455.0,91.0
459.0,35.0
459.75,0.0
491.0,0.0
545.0,0.0
651.45,0.0
673.0,0.0
2220.5,0.0
20589.88,0.0
31237.77,0.0
0.0,4.3177967
0.32,0.0
0.4,0.0
0.62,0.0
0.65,0.55846155
0.82,0.0
0.83,0.0
1.18,0.0
1.32,0.0
1.4,0.0
1.56,0.37
1.75,57.75
1.84,0.0
1.89,3.0
1.94,0.0
1.95,0.0
2.2,0.033333335
2.26,65.0
2.5,1.9136443
2.6,0.0
2.61,0.825
2.93,0.0
3.0,0.57387865
3.7,0.6588889
3.73,0.07
3.8,0.94166666
4.76,0.98
4.95,1.0
5.67,3.3333333
5.8,1.1389172
6.05,0.0
6.36,0.0
6.67,1.39
6.99,1.82
7.05,0.0
7.08,1.0
7.23,0.0
7.76,0.0
7.78,1.62
9.0,1.3474244
9.02,0.01
9.55,0.0
9.63,1.99
10.01,1.08
10.2,0.69
10.56,2.17
10.9,1.9933333
11.03,2.96
11.06,2.35
11.09,0.5
11.16,1.6942858
11.32,2.9
11.5,1.7046986
11.6,1.645
11.63,2.49
11.74,0.0
12.56,2.57
12.83,0.0
13.6,3.1775
14.46,0.0
14.54,0.0
14.55,0.33727273
14.6,2.3463635
14.71,0.0
14.95,3.05
15.21,0.0
15.26,0.0
15.32,0.0
15.46,0.0
15.48,0.0
15.49,0.0
15.63,0.0
15.64,0.0
15.65,0.0
15.68,0.0
15.84,0.0
15.86,0.0
15.94,0.0
16.03,0.0
16.16,0.0
16.36,0.0
16.37,0.0
16.38,0.0
16.43,0.0
16.44,1.01
16.53,0.0
16.6,10.164545
16.61,0.0
16.62,0.0
16.85,0.0
17.19,0.0
17.21,0.0
17.37,0.0
17.47,0.0
17.53,0.0
17.59,0.0
17.6,0.51142853
17.67,0.0
17.69,0.0
17.7,0.33812502
17.72,0.0
17.82,1.0163636
17.86,0.0
17.89,0.40444446
17.91,0.0
17.93,0.0
17.94,0.0
18.12,0.0
18.14,0.0
18.22,0.0
18.26,0.0
18.33,1.4433333
18.4,1.28
18.48,0.0
18.51,0.0
18.54,0.0
18.71,0.0
18.87,0.0
18.94,0.0
18.96,0.64166665
18.98,0.0
19.01,0.0
19.22,0.0
19.36,0.0
19.42,0.0
19.47,0.0
19.52,0.0
19.58,0.0
19.92,0.0
19.95,0.0
19.96,0.0
20.04,0.0
20.05,0.19857143
20.09,0.0
20.12,0.0
20.19,0.0
20.32,0.0
20.44,0.0
20.49,0.0
20.58,0.0
20.71,0.0
20.84,0.0
21.01,0.0
21.07,0.0
21.18,0.0
21.35,0.0
21.36,0.0
21.41,0.0
21.48,0.0
21.55,0.0
21.56,0.47000003
21.58,0.0
21.6,0.5475
21.72,0.0
21.89,0.4888889
21.9,1.2971429
22.04,0.0
22.11,0.0
22.23,0.64000005
22.25,0.0
22.34,0.0
22.42,0.0
22.43,0.0
22.55,1.5166668
22.84,0.0
23.12,0.0
23.41,0.0
23.5,4.1709104
23.56,2.625
23.59,0.0
23.68,0.0
23.69,0.0
23.84,0.0
23.95,0.0
23.96,0.0
23.99,0.0
24.09,0.0
24.11,0.0
24.2,0.2432
24.24,0.0
24.34,0.0
24.38,0.0
24.41,0.0
24.55,0.0
24.58,0.0
24.87,0.0
25.08,0.0
25.09,0.0
25.13,0.0
25.28,0.0
25.3,4.0819564
25.5,4.657487
25.67,0.0
25.75,0.009000001
25.76,2.1966667
25.88,0.28333333
25.92,0.0
26.09,0.0
26.11,0.0
26.12,0.0
26.19,0.0
26.24,0.0
26.27,0.0
26.35,0.0
26.36,0.0
26.48,0.0
26.61,0.0
26.67,0.0
26.71,0.0
26.79,0.0
26.87,0.0
26.93,0.0
26.99,0.60555553
27.06,1.8725
27.1,0.0
27.16,0.0
27.17,0.0
27.3,3.507857
27.31,0.0
27.37,0.0
27.39,0.0
27.43,0.0
27.61,0.0
27.64,0.0
27.85,0.0
27.92,0.0
27.96,0.0
28.02,0.0
28.21,0.0
28.25,0.0
28.36,0.0
28.4,0.0
28.45,0.0
28.55,2.324
28.57,0.0
28.59,0.71875
28.71,0.0
28.72,0.0
28.73,0.0
28.8,4.4729295
28.85,0.0
29.36,0.7375
29.48,0.0
29.49,0.0
29.56,2.550769
29.65,0.0
29.85,0.0
30.13,0.0
30.18,0.0
30.19,0.0
30.21,0.0
30.3,3.522174
30.38,1.04
30.39,0.0
30.49,0.0
30.89,0.0
30.95,1.3333334
30.96,0.0
31.17,0.0
31.22,0.0
31.3,5.2240276
31.38,1.5833334
31.52,0.0
31.74,0.0
31.78,0.0
31.81,0.0
31.96,0.00375
32.13,0.0
32.16,0.0
32.29,0.0
32.3,4.397857
32.67,0.0
32.69,0.0
32.7,0.0
32.74,0.0
32.92,0.0
33.0,6.3597918
33.02,0.0
33.09,1.6700001
33.22,0.0
33.4,1.026
33.5,6.4432473
33.52,0.0
33.57,0.0
33.64,0.0
33.81,0.0
34.0,6.516165
34.06,5.207692
34.11,0.0
34.13,0.0
34.2,3.226818
34.49,0.0
34.79,0.0
34.89,0.0
34.95,0.8933334
35.0,6.651266
35.01,0.0
35.06,4.846875
35.14,0.0
35.15,0.0
35.42,0.0
35.49,0.0
35.53,0.0
35.54,0.10090909
35.57,0.0
35.58,0.0
35.63,0.0
35.84,0.0
36.06,5.942703
36.09,0.9225
36.15,0.0
36.21,0.0
36.49,0.0
36.51,0.0
36.52,0.0
36.53,0.0
36.56,5.1434283
36.6,1.496
36.64,0.0
36.65,1.5184615
36.79,0.0
36.8,5.8804545
36.83,0.0
36.97,0.0
37.05,7.45
37.07,0.0
37.14,0.0
37.24,0.0
37.35,0.68454546
37.4,0.0
37.43,0.0
37.54,0.0
37.69,0.0
37.79,0.0
37.84,0.0
38.27,0.0
38.42,0.0
38.5,7.1444607
38.65,0.8611111
38.75,0.0
38.77,0.0
38.78,0.0
38.81,0.0
38.83,0.0
38.92,0.0
38.93,0.0
38.97,0.0
39.06,7.3436666
39.11,0.0
39.13,0.0
39.21,0.0
39.3,6.7815623
39.31,0.0
39.38,0.0
39.4,3.8477778
39.53,0.0
39.55,10.05
39.67,0.0
39.74,0.0
39.75,3.5366666
39.76,1.0333333
39.79,0.0
40.06,5.2955556
40.11,0.0
40.22,0.0
40.35,1.01625
40.38,0.0
40.39,0.0
40.44,2.9220002
40.53,0.0
40.63,0.0
40.65,0.0
40.7,4.2125
40.71,0.0
40.82,0.0
40.86,1.4625
41.04,0.0
41.11,0.0
41.34,0.0
41.39,0.0
41.46,0.6423077
41.56,7.9730954
41.63,0.0
41.7,1.5
41.74,0.0
41.77,0.0
41.82,1.576
41.83,0.0
41.94,0.0
41.95,2.4285715
41.98,0.0
42.06,6.7665386
42.19,0.0
42.31,0.0
42.33,0.0
42.41,0.0
42.69,0.0
42.79,2.15
42.89,0.0
43.1,0.0
43.17,0.0
43.19,0.0
43.24,0.0
43.31,0.0
43.38,0.0
43.46,0.0
43.48,4.8
43.51,0.0
43.71,0.0
43.81,0.0
43.82,0.0
43.83,0.0
43.97,0.0
44.07,1.495
44.16,0.0
44.37,0.0
44.38,0.0
44.44,4.0568748
44.52,0.0
44.58,0.0
44.68,0.0
44.69,4.0
44.71,2.3333333
44.79,0.0
44.84,0.0
44.87,2.0
44.91,0.0
45.07,0.0
45.12,0.0
45.14,0.0
45.19,0.0
45.24,0.0
45.29,0.0
45.51,0.0
45.86,0.0
45.87,0.0
45.93,0.0
45.98,7.8915
46.05,3.736
46.06,5.507895
46.09,0.0
46.21,0.0
46.54,0.0
46.71,0.0
46.75,1.3428571
46.84,0.0
47.03,0.0
47.2,2.0387502
47.22,0.0
47.34,0.0
47.58,0.0
47.67,0.0
47.79,0.0
47.93,0.0
48.1,0.0
48.12,0.0
48.33,0.0
48.37,0.0
48.65,0.8333333
48.7,1.875
48.72,0.0
48.75,2.7610002
48.94,0.0
49.0,8.093303
49.12,0.0
49.15,7.725
49.19,0.0
49.26,0.0
49.34,0.0
49.42,0.0
49.45,0.0
49.5,8.076719
49.55,0.0
49.56,8.134762
49.7,5.3965454
49.78,0.0
49.81,0.0
49.95,8.541
50.01,0.0
50.26,6.06
50.44,0.0
50.63,0.0
50.76,5.7811112
50.87,0.0
50.91,0.0
51.01,0.0
51.09,1.6666666
51.47,0.0
51.6,2.5875
51.62,0.0
51.63,0.0
51.68,0.0
51.74,0.0
51.79,0.0
51.8,5.2982354
51.86,0.0
52.12,0.0
52.13,0.0
52.33,0.0
52.35,3.9475
52.38,0.0
52.47,0.0
52.54,0.0
52.77,0.0
52.79,0.0
52.81,0.0
52.92,0.0
52.94,0.0
53.07,0.0
53.3,5.388
53.42,0.0
53.48,0.0
53.58,0.0
53.59,0.0
53.69,0.0
53.71,0.0
53.74,0.0
53.82,0.0
53.99,0.0
54.12,0.0
54.23,0.0
54.65,0.0
54.74,0.0
54.79,0.0
55.05,4.84625
55.09,2.795
55.22,0.0
55.31,0.0
55.33,0.0
55.47,0.0
55.96,0.0
56.17,0.0
56.22,0.0
56.3,8.292
56.33,0.0
56.36,0.0
56.37,0.0
56.47,0.0
57.08,3.8400002
57.3,11.186763
57.64,0.0
57.71,0.0
57.88,3.9133332
57.96,0.0
58.09,9.805715
58.79,5.0
58.8,10.63875
58.93,0.0
59.0,10.056565
59.25,10.205714
59.28,0.0
59.31,6.6666665
59.32,6.01
59.35,5.7566667
59.56,9.986072
59.65,0.0
59.69,0.0
59.73,0.0
59.8,11.684435
60.02,0.0
60.05,4.0
60.09,10.559
60.1,7.55
60.33,2.5
60.35,0.0
60.54,0.0
60.59,16.66
60.85,6.115
60.92,0.0
60.95,0.0
61.14,0.0
61.16,0.0
61.29,0.0
61.31,0.0
61.32,0.0
61.4,0.0
61.44,0.0
61.46,0.0
61.63,0.0
61.65,0.0
61.79,0.0
62.46,6.275
62.67,12.53
62.76,11.717574
62.78,15.77
62.92,0.0
63.07,12.440001
63.33,10.00625
63.4,10.4
63.7,8.258182
63.77,0.0
64.22,4.3333335
64.24,14.06
64.32,9.516666
64.56,5.830625
64.8,11.779883
64.95,0.0
65.01,6.63
65.18,0.0
65.29,0.0
65.66,0.0
65.68,5.2799997
65.7,5.06
65.93,0.0
66.08,16.55
66.2,4.4666667
66.47,14.51
66.73,0.0
67.12,16.85
67.22,0.0
67.34,8.178
67.36,8.561429
67.41,0.0
67.42,6.77
67.43,13.65
67.7,10.200001
67.97,0.0
68.23,0.0
68.69,0.0
68.76,12.152975
68.78,13.8
68.8,12.606774
68.83,0.0
68.89,4.6
69.09,13.733334
69.4,13.82
69.45,6.975
69.72,9.25
69.75,0.0
69.86,8.5325
69.87,11.91
70.05,5.075
70.09,8.83
70.1,0.0
70.27,1.093077
70.35,0.0
70.8,11.164706
70.87,9.0
71.04,0.0
71.47,0.0
71.7,0.0
71.72,0.0
71.78,14.46
71.87,14.53
71.89,14.54
72.2,5.4
72.25,13.231818
72.8,12.035556
72.88,25.82
73.3,12.243077
73.56,11.534
73.8,12.43
74.47,12.0
74.63,14.99
74.7,9.719444
75.06,12.35625
75.59,0.0
75.61,0.0
76.52,0.0
76.66,12.01
76.93,0.0
77.62,15.58
78.8,7.510909
78.82,6.784
79.18,0.0
79.19,0.0
79.55,0.0
79.77,0.0
80.02,19.3
81.0,13.969092
81.06,16.29
81.1,16.25
81.25,5.47
81.68,0.0
82.3,10.39
82.82,23.53
83.3,12.525001
83.45,16.75
83.87,10.0
84.36,25.4
84.38,19.17
84.44,16.974998
85.59,21.57
86.6,10.0
86.88,0.0
87.06,13.18375
87.85,10.0
89.46,10.0
89.5,14.895139
89.7,9.135
89.86,0.0
89.89,7.035
89.9,18.04
91.16,18.29
91.58,18.35
92.15,0.0
92.76,3.3333333
92.8,10.8381815
92.92,3.0
94.36,7.7799997
94.91,15.0
95.2,19.2
95.26,14.0
96.51,19.35
96.78,0.0
97.8,20.0
98.06,19.65
99.1,19.85
99.9,21.15
99.99,13.076364
100.55,19.503334
102.02,13.673333
102.25,17.28647
102.8,17.534
103.75,19.201666
104.35,0.0
104.8,22.27
105.0,16.065859
105.55,16.210001
105.8,15.900001
106.23,0.0
106.55,0.0
108.08,10.0
109.76,22.0
110.79,22.22
111.78,26.17
112.5,17.761906
113.03,22.77
113.15,24.89
113.25,17.191944
114.44,17.9
114.8,29.4
116.03,29.21
116.26,23.3
118.11,27.03
118.18,0.0
119.32,23.9
119.56,0.0
120.2,21.675
120.5,17.425838
122.5,18.740828
123.5,17.866684
124.7,0.0
124.99,25.06
126.76,10.0
126.8,10.0
127.06,10.0
127.76,23.855
128.5,16.343166
130.0,17.244564
130.12,29.68
134.0,19.270044
134.21,0.0
134.4,15.0
134.88,0.0
135.8,12.3
136.8,20.0
138.26,18.503334
138.32,34.66
139.22,27.9
139.97,0.0
141.8,20.0
143.5,20.705385
143.56,28.75
144.0,20.62184
144.3,0.0
144.55,0.0
145.0,21.134453
145.76,29.21
147.5,22.785511
148.75,34.905
150.0,18.24622
150.15,40.0
150.75,27.6775
150.85,30.2
151.87,0.0
152.26,30.51
152.52,0.0
152.8,23.18
153.0,19.84549
155.6,0.0
157.5,17.331667
158.99,0.0
159.75,15.0
160.25,22.053333
162.5,22.991379
163.66,0.0
164.0,23.638048
164.6,37.215
166.66,22.62
166.8,40.135002
166.95,15.0
169.0,21.920317
169.99,0.0
170.2,0.0
172.88,34.58
173.5,24.617392
174.0,25.528027
178.01,35.66
178.25,33.166668
180.5,16.207647
181.25,0.0
181.5,20.845
183.0,30.196596
187.5,31.5025
190.5,34.69077
192.92,10.0
192.94,39.8
194.5,18.864286
198.0,21.448637
199.0,22.084444
199.2,0.0
199.3,0.0
201.5,33.407143
205.0,25.751112
205.75,41.2
214.5,15.7775
218.0,28.523878
219.0,24.145384
221.5,15.653333
221.57,44.35
225.17,30.0
225.25,22.55
228.95,0.0
229.0,23.487223
234.0,23.02421
237.55,0.0
237.85,0.0
239.5,41.41857
240.0,26.323812
241.0,37.012
242.0,27.706944
242.42,10.0
244.44,0.1
246.5,49.7775
248.2,0.0
249.56,49.95
255.09,10.0
258.25,22.0
266.66,50.09
268.0,25.032667
270.75,55.036667
272.72,10.0
273.75,20.0
287.0,29.664091
287.75,72.14
288.0,44.718
288.5,46.386665
295.0,32.630627
298.0,29.916666
301.0,0.0
305.01,30.0
309.0,0.0
330.0,12.894444
333.0,33.38
334.0,55.65333
335.0,14.77625
339.0,52.637497
346.75,69.41
348.0,10.0
366.55,77.02
382.0,72.5
388.0,39.505
435.0,0.0
480.5,96.36
491.5,0.05
523.0,40.0
546.5,0.0
557.0,0.0
580.0,0.0
600.0,0.0
608.0,0.0
685.45,0.0
699.2,0.0
880.0,0.0
950.0,0.0
2693.0,0.0
3010.5,0.0
6006.5,0.0
187436.45,0.0
0.01,3.2679467
0.03,3.4
0.07,0.0
0.19,0.0
0.29,0.0
0.31,0.0
0.5,0.53770834
0.54,0.0
0.95,0.06666667
1.08,0.085
1.52,0.0
2.7,0.645
2.8,1.0238096
2.9,0.0
3.22,0.0
4.6,0.46
5.53,0.0
5.7,0.20611112
5.87,0.0
6.2,0.75233334
6.56,1.4200001
6.66,1.283
6.75,0.0
7.1,0.73454547
7.2,0.9479412
7.9,1.1671429
8.1,1.5666666
8.16,1.73
8.56,0.0
8.59,1.88
8.77,0.0
8.92,1.94
8.97,0.0
9.33,3.05
9.38,1.9
9.99,1.04
10.11,2.08
10.14,1.0
10.3,1.9518739
10.61,0.0
10.8,2.0859604
11.39,2.92
11.55,0.0
11.56,0.0
11.69,0.62
11.75,1.1275
12.2,1.9835714
12.42,2.2350001
12.76,0.0
12.8,2.3651197
12.95,0.0
13.45,5.0
14.09,0.0
14.16,2.2450001
14.76,1.0033333
15.19,0.0
15.24,0.0
15.29,0.0
15.44,0.0
15.71,0.0
15.75,0.23619048
15.85,0.0
15.9,1.1811111
15.95,0.40416667
16.02,0.0
16.04,0.0
16.09,0.94692314
16.13,0.0
16.14,0.0
16.32,0.0
16.7,0.85
16.82,0.0
16.9,3.166
17.23,0.0
17.32,0.0
17.34,0.0
17.77,0.6547059
17.88,0.24
18.07,0.0
18.09,0.63
18.21,0.0
18.37,0.0
18.43,0.0
18.44,0.0
18.47,0.0
18.68,0.0
18.74,0.0
18.78,0.0
18.93,0.42222223
19.19,0.0
19.27,0.0
19.32,0.0
19.45,0.0
19.88,0.0
19.93,0.0
20.17,0.24777777
20.2,0.22105262
20.25,0.0
20.35,0.0
20.37,0.0
20.45,0.0
20.53,0.0
20.64,0.0
20.96,0.0
21.06,1.8671428
21.1,0.5094118
21.57,0.0
21.61,0.0
21.87,0.0
21.88,0.0
21.95,0.0
21.96,0.0
22.0,3.849071
22.02,0.31785712
22.07,0.0
22.14,0.0
22.21,0.96428573
22.28,0.0
22.46,0.0
22.52,0.0
22.57,0.0
22.78,0.0
22.88,0.51555556
22.9,0.0
22.93,0.0
23.16,0.39083335
23.18,0.0
23.26,0.0
23.31,0.0
23.42,0.0
23.47,0.0
23.54,0.0
23.61,0.0
23.63,0.0
23.91,0.0
24.17,0.0
24.27,0.0
24.37,0.0
24.4,0.56
24.47,0.0
24.49,0.0
24.65,0.0
24.67,0.0
24.68,0.0
24.71,0.0
25.02,0.0
25.22,1.0583333
25.25,0.46363637
25.27,0.0
25.42,0.0
25.46,0.0
25.48,0.0
25.53,0.0
25.58,1.6125
25.7,1.0776471
25.93,0.0
25.94,0.0
26.01,0.0
26.03,0.0
26.25,1.7230769
26.29,0.0
26.37,0.0
26.47,0.0
26.59,0.0
26.6,2.146
26.68,0.0
26.88,0.0
26.95,0.69
26.98,0.0
27.04,0.0
27.12,0.0
27.26,0.0
27.29,0.0
27.41,0.0
27.57,0.0
27.68,0.0
28.06,2.5845454
28.19,0.0
28.22,0.0
28.23,0.0
28.32,0.0
28.41,0.0
28.43,0.0
28.48,0.0
28.49,0.0
28.53,0.0
28.67,0.0
28.7,0.64444447
28.9,0.725
28.93,0.0
28.99,0.0
29.01,0.0
29.08,0.0
29.13,0.0
29.19,0.0
29.35,0.8
29.38,0.0
29.52,0.0
29.53,0.0
29.68,0.0
29.73,0.0
29.76,0.0
29.95,0.0
29.99,1.206
30.15,0.0
30.17,0.0
30.2,0.6628571
30.27,0.0
30.41,0.0
30.46,0.0
30.58,0.0
30.59,0.0
30.62,0.0
30.63,0.0
30.76,0.27272728
30.79,0.0
31.1,1.2
31.23,0.0
31.89,0.0
31.94,0.0
32.08,0.0
32.27,0.0
32.28,0.0
32.34,0.0
32.35,0.0
32.39,0.0
32.42,0.0
32.49,0.0
32.53,0.0
32.57,0.0
32.6,0.94714284
32.65,0.0
32.78,0.0
33.05,3.5
33.1,3.7825003
33.17,0.0
33.19,0.0
33.25,5.909
33.29,0.0
33.33,3.3331034
33.49,0.0
33.76,0.56666666
33.85,0.7588889
33.86,0.0
33.88,0.0
33.92,0.0
34.17,0.0
34.24,0.0
34.28,0.0
34.45,0.0
34.54,1.7585715
34.64,0.0
34.69,0.0
34.75,0.0
34.88,1.414
35.26,0.0
35.35,0.0
35.36,1.8205262
35.4,0.6961539
35.41,0.0
35.61,0.0
35.64,0.0
35.65,0.32454544
35.68,0.0
35.85,0.0
36.01,0.0
36.11,0.0
36.13,0.0
36.3,6.092973
36.32,0.0
36.4,0.97176474
36.42,0.0
36.45,0.0
36.46,0.0
36.57,0.0
36.71,0.0
36.75,0.0
36.86,0.74
36.9,1.1392857
37.02,0.0
37.09,0.935
37.26,1.875
37.27,0.6
37.32,0.0
37.37,0.0
37.52,0.0
37.8,5.389167
37.81,0.0
37.85,0.0
37.93,0.0
37.96,2.29
37.97,0.0
37.99,0.0
38.17,0.0
38.32,0.0
38.34,0.0
38.35,0.0
38.36,1.1416667
38.43,0.0
38.49,0.0
38.54,0.0
38.56,5.9966664
38.63,2.5966666
38.68,0.0
38.95,0.0
38.96,0.0
39.19,0.0
39.32,2.4
39.34,0.0
39.44,0.0
39.46,0.0
39.5,7.2646146
39.54,0.0
39.56,6.9822726
39.97,0.0
39.99,4.678421
40.04,0.8
40.21,0.0
40.28,1.4742857
40.52,0.0
40.54,1.4645834
40.69,0.0
40.74,0.0
40.75,1.2825
40.8,6.265
40.83,0.0
41.17,0.0
41.31,0.0
41.54,4.811818
41.62,0.0
41.64,0.0
41.65,0.0
41.67,0.0
41.72,0.0
41.73,0.0
41.86,2.8433332
41.9,0.0
41.93,0.0
42.08,0.0
42.17,0.0
42.23,0.0
42.3,5.977647
42.32,0.0
42.68,0.0
42.7,3.0583334
42.72,0.0
42.84,0.0
42.9,0.0
42.93,0.0
43.03,1.2
43.32,1.5818181
43.47,0.0
43.49,0.0
43.65,2.2225
43.74,0.0
43.76,0.0
43.85,5.7014284
44.0,7.754137
44.23,0.0
44.46,0.0
44.56,5.5629034
44.81,0.0
44.94,0.0
44.95,4.55
45.04,0.0
45.16,0.0
45.56,7.3652635
45.58,0.0
45.61,0.0
45.77,1.165
45.91,0.0
46.07,0.0
46.1,3.0833333
46.16,0.0
46.2,0.0
46.42,0.0
46.45,0.0
46.64,0.0
46.77,0.0
46.78,0.0
46.81,0.0
46.95,0.0
47.08,0.0
47.09,1.3685714
47.1,0.0
47.19,0.0
47.26,1.9
47.28,0.0
47.33,0.0
47.44,0.0
47.54,3.2233334
47.55,0.0
47.68,0.0
47.83,0.0
47.9,7.0445457
47.95,5.883333
47.99,9.65
48.01,0.0
48.17,0.0
48.2,7.87
48.21,0.0
48.23,0.0
48.28,0.0
48.39,0.0
48.6,4.346
48.62,0.0
48.67,0.0
48.73,0.0
48.77,0.0
48.91,0.0
48.96,0.0
48.99,0.0
49.03,0.0
49.06,9.212353
49.21,0.0
49.22,0.0
49.32,0.0
49.61,0.0
49.62,0.0
50.0,8.112827
50.1,6.075
50.24,0.0
50.27,0.0
50.3,7.1272726
50.34,0.0
50.39,0.0
50.4,0.0
50.46,3.1725
50.48,0.0
50.59,0.0
50.69,0.0
50.72,0.0
50.8,9.397693
50.82,0.0
51.02,0.0
51.06,10.382143
51.22,0.0
51.36,0.0
51.37,0.0
51.52,0.0
51.53,5.185
51.55,0.0
51.59,0.0
51.61,0.0
51.71,0.0
51.77,0.0
51.81,0.0
51.9,0.0
51.95,0.0
51.97,0.0
52.15,0.0
52.16,0.0
52.24,0.0
52.3,6.978889
52.41,0.0
52.49,0.0
52.55,1.7616667
52.63,0.0
52.76,7.7386665
53.0,8.323808
53.05,0.0
53.14,0.0
53.19,0.0
53.2,3.6000001
53.5,8.329034
53.52,0.0
53.54,0.0
53.65,0.0
53.7,2.857143
53.79,0.0
54.07,0.0
54.16,0.0
54.31,0.0
54.34,0.0
54.41,0.0
54.42,0.0
54.49,0.0
54.81,0.0
55.07,0.0
55.08,0.0
55.26,2.8025
55.5,8.665872
55.56,7.5091667
55.66,0.0
55.83,0.0
55.91,0.0
56.09,0.0
56.11,0.0
56.12,0.0
56.16,5.645
56.41,0.0
56.62,0.0
56.66,11.39
56.7,5.6625
56.82,0.0
56.83,0.0
56.92,0.0
56.94,0.0
57.05,13.95
57.13,0.0
57.38,0.0
57.57,8.7125
57.61,0.0
57.68,0.0
57.78,10.0
57.93,0.0
58.07,0.0
58.38,0.0
58.66,0.0
58.75,7.760909
58.86,12.682
59.21,0.0
59.29,0.0
59.3,9.56831
59.67,0.0
59.7,6.958958
59.75,0.0
59.86,4.2460003
59.93,0.0
59.99,9.74
60.01,0.0
60.06,10.030556
60.28,0.0
60.5,9.595185
60.83,0.0
60.9,12.175
60.96,0.0
60.97,0.0
60.99,15.45
61.0,9.680894
61.01,0.0
61.07,0.0
61.15,0.0
61.23,0.0
61.42,0.0
61.48,0.0
61.9,0.0
62.2,11.209364
62.26,11.199208
62.37,6.265
62.4,0.0
62.51,6.33
62.53,0.0
62.7,11.195416
62.74,14.15
62.86,12.615
63.21,0.0
63.24,0.0
63.34,10.16
63.45,8.533334
63.51,0.0
63.59,15.97
63.65,0.0
63.78,0.0
64.28,0.0
64.33,0.0
64.42,0.0
64.47,6.475
64.51,0.0
64.76,12.464545
64.93,13.05
65.12,8.786667
65.34,9.155
65.48,0.0
65.56,8.638889
65.74,13.31
65.76,10.57
65.8,11.488552
65.82,7.0
66.06,0.0
66.17,0.0
66.25,18.05
66.36,16.65
66.5,11.610627
66.76,8.54
66.84,0.0
66.87,0.0
67.06,7.8566666
67.24,14.65
67.47,0.0
67.55,0.0
67.61,0.0
67.87,10.0
68.05,10.29
68.26,11.393333
68.54,13.81
68.59,15.85
68.61,0.0
68.75,7.81625
68.93,0.0
69.2,5.211515
69.3,10.6491995
69.39,13.9
69.78,15.879999
69.85,10.0
70.06,7.174286
70.86,9.533334
71.33,0.0
71.46,0.0
72.1,15.63
72.39,0.0
72.6,14.55
72.67,14.63
72.7,10.0
72.76,13.072222
72.86,14.63
73.06,7.9445453
73.36,13.133333
73.83,0.0
73.86,10.0
74.02,0.0
74.2,7.3096
74.46,11.5
74.93,0.0
74.95,0.0
75.05,0.0
75.37,0.0
76.45,0.0
76.55,10.3133335
76.65,0.0
77.0,13.3702965
77.56,17.560001
77.6,15.58
77.77,10.259334
78.4,15.68
78.45,0.0
78.5,13.451554
79.48,15.96
79.6,15.96
79.7,9.53913
79.86,16.03
79.99,13.104
80.5,13.1487875
81.09,11.95
81.85,8.0
82.44,16.55
82.5,13.975933
83.35,20.08
83.5,13.862007
83.56,3.3333333
84.2,10.356
84.39,16.970001
84.47,18.436
85.06,24.46
85.5,14.291776
85.55,9.908751
85.99,17.25
86.4,3.0
86.75,15.845
86.78,17.994999
87.49,0.0
88.56,8.935
88.58,0.0
88.7,19.99
89.36,8.95
89.47,18.05
89.49,17.96
89.76,10.826
90.99,10.0
91.2,18.3
91.81,18.4
92.47,0.0
93.0,14.668982
93.43,0.0
93.44,0.0
93.7,22.45
93.76,11.165
94.3,6.292857
94.43,0.0
95.55,11.385
95.65,10.0
95.7,11.96
95.75,11.2699995
95.8,13.44375
96.3,17.955
96.98,0.0
98.2,19.7
98.5,15.890938
99.5,15.166098
100.09,20.08
100.44,20.1
100.45,60.0
100.82,20.2
101.55,0.0
101.98,15.0
102.0,16.489702
102.2,10.0
103.0,16.840227
103.3,25.9
104.44,17.5
105.26,21.11
105.6,26.550001
105.7,0.0
106.6,21.35
107.76,0.0
109.86,20.0
109.99,19.528334
110.56,10.0
110.77,25.45
111.0,17.929976
111.04,0.0
111.14,0.0
111.71,0.0
113.23,2.0
114.7,18.75
115.11,23.115
115.8,18.468
116.25,10.0
117.11,29.35
117.8,23.6
118.7,27.05
118.78,12.96
118.99,23.85
119.76,28.47
121.0,18.535498
121.35,36.5
122.06,0.0
122.15,0.0
122.2,25.875
123.06,37.0
124.51,31.25
125.88,18.25
126.24,25.3
127.34,25.515
127.56,16.036667
127.77,25.0
128.0,19.275597
128.56,38.66
129.2,17.56
129.98,20.0
130.01,0.0
132.8,31.4
136.0,18.556059
136.52,0.0
137.75,12.412001
138.2,0.0
138.35,0.0
138.56,12.0
139.7,9.333333
140.99,0.0
141.25,29.91
142.3,22.0
143.94,15.0
147.73,41.76
149.19,4.5
149.49,25.0
150.4,0.0
150.55,0.0
153.2,10.0
153.3,46.23
153.75,24.664
155.25,30.398
156.3,0.0
157.75,31.6
157.77,19.004
158.5,24.191818
158.88,39.88
159.09,0.5
160.6,32.18
161.46,0.0
161.5,24.03143
161.8,10.0
163.0,19.79077
165.55,0.0
165.75,41.64
166.5,19.654615
170.0,20.625898
171.6,0.0
176.25,17.65
176.75,15.0
177.0,21.132452
177.7,18.333334
179.8,0.0
180.86,36.33
181.0,25.32
183.33,22.0
184.44,25.912498
184.55,37.07
185.0,23.892164
187.07,13.0
187.75,37.71
187.77,56.57
189.25,10.0
193.0,24.552187
194.25,15.0
197.26,20.0
199.99,31.278183
201.25,27.956667
207.75,0.0
215.5,25.44125
222.25,44.5
224.0,27.710302
225.22,27.6
226.5,0.0
231.0,22.0625
231.5,29.417143
232.0,39.438
233.24,40.0
234.5,28.63
238.0,21.346111
242.5,6.25
243.89,0.44
245.09,0.0
245.46,25.0
245.5,25.316
245.55,50.269997
246.26,52.55
249.5,10.0
250.0,24.558962
252.0,33.12697
253.0,35.045162
258.5,0.0
262.5,23.765
262.75,0.0
264.0,32.075882
264.5,16.604
266.0,26.743637
270.25,58.6
271.0,42.45727
277.0,29.146
281.0,29.0775
282.0,34.206665
283.0,33.95
284.0,31.954
286.0,43.587776
288.8,7.0
293.0,27.945715
297.56,25.0
300.5,31.28
311.0,43.336666
313.5,0.0
316.0,35.0
323.0,33.167503
324.0,34.999332
327.3,32.0
331.0,57.193333
333.33,47.0
334.5,50.0
336.0,32.788002
357.0,15.0
357.5,0.0
358.0,17.94
367.0,51.63
370.5,10.0
400.04,0.0
400.44,0.01
408.0,25.05
444.5,0.0
445.0,11.666667
447.0,0.0
452.5,15.0
460.0,6.6666665
499.99,0.0
510.0,0.0
564.0,0.0
650.0,25.0
750.0,0.0
990.75,0.0
1213.0,0.0
1362.0,0.0
1550.0,300.0
4549.5,0.0
22319.33,0.0
38301.78,0.0
0.12,2.9466667
0.16,0.0
0.17,0.0
0.2,1.7839535
0.24,0.10333333
0.35,0.043333333
0.39,0.0
0.48,1.38
0.52,0.0
0.93,10.0
0.96,0.0
1.02,0.0
1.05,1.0
1.11,0.0015384615
1.14,0.0
1.15,2.8
1.23,0.0
1.25,0.08857143
1.3,0.16883117
1.45,0.0875
1.5,0.045657143
1.54,0.0
1.6,0.0
1.7,0.0
1.72,0.0
2.22,0.0
2.62,10.0
2.64,0.0
2.95,1.2949438
3.06,0.0
3.15,0.0
3.2,0.13461538
4.2,0.72923076
4.46,0.0
4.75,0.0
4.9,0.26
5.95,0.0
6.06,0.635
6.08,0.0
6.1,0.74142855
6.59,1.38
6.6,0.85999995
7.85,1.02
8.15,0.0
8.29,0.0
8.51,2.6
8.65,0.0
8.78,15.0
8.8,1.8686094
8.9,1.4804546
9.01,0.0
9.36,1.032
9.88,1.344
10.25,0.0
10.39,2.14
10.45,0.0
11.08,0.0
11.15,2.39
11.66,0.0
12.22,1.9725
12.45,3.19
12.49,1.99
12.6,1.9909091
12.65,2.59
12.77,2.71
13.06,2.0833333
13.24,0.0
13.4,2.9175
14.2,0.7583333
14.69,0.0
14.7,1.7781482
14.78,0.0
14.8,3.2967026
14.9,2.29
15.03,0.0
15.14,0.0
15.27,0.0
15.3,2.7257793
15.38,0.0
15.72,0.0
15.73,0.0
15.8,2.810872
15.91,0.0
16.06,3.71
16.45,0.0
16.52,0.0
16.58,3.5149999
16.65,4.35
16.68,0.0
16.77,0.0
16.84,0.0
16.88,0.0
16.94,0.0
16.97,0.0
17.09,0.19888888
17.26,0.0
17.27,0.0
17.42,0.0
17.45,0.0
17.54,0.0
17.58,3.55
17.62,0.0
17.63,0.0
17.76,0.9275
18.1,0.378
18.11,0.0
18.15,0.0
18.17,0.0
18.2,0.6666667
18.3,3.2203722
18.34,0.0
18.38,0.6166667
18.52,0.0
18.55,0.0
18.56,2.8775
18.69,0.0
18.8,3.1044393
18.89,0.0
18.91,0.0
18.92,0.0
19.13,0.0
19.59,0.0
19.61,0.0
19.63,0.0
19.75,0.0
19.79,0.0
19.98,0.0
20.07,0.0
20.11,0.0
20.29,0.0
20.56,0.3790909
20.65,0.0
20.68,0.0
20.82,0.0
20.86,0.0
20.94,0.0
20.99,0.654
21.04,0.0
21.19,0.0
21.25,0.0
21.38,0.0
21.81,0.0
21.98,0.0
22.08,0.0
22.09,0.0
22.35,0.0
22.41,0.0
22.89,0.0
22.91,0.0
22.98,0.0
23.02,0.725
23.03,0.5
23.07,0.0
23.23,0.0
23.27,0.0
23.28,0.0
23.43,0.0
23.44,0.0
23.49,0.0
23.55,0.0
23.7,1.1666666
23.74,0.0
23.78,0.0
23.79,0.0
23.81,0.0
23.89,0.0
24.04,0.0
24.05,1.0083333
24.13,0.0
24.22,0.0
24.26,0.0
24.28,0.0
24.32,0.0
24.33,0.0
24.35,0.0
24.44,0.0
24.56,2.503
24.69,0.0
24.72,0.0
24.86,0.9145455
24.92,0.0
24.95,0.0
25.03,0.0
25.16,0.0
25.33,0.0
25.61,0.0
25.8,4.3738685
25.9,1.7800001
25.95,0.6666667
26.08,0.0
26.22,0.0
26.3,4.2775216
26.33,0.6045455
26.55,0.0
26.73,0.0
26.74,0.0
26.94,0.0
26.96,0.0
27.05,0.0
27.18,0.0
27.25,0.0
27.27,0.0
27.35,0.0
27.42,0.0
27.46,0.0
27.49,0.0
27.5,5.169133
27.53,0.0
27.55,0.0
27.63,4.1875
27.67,0.0
27.79,0.0
27.8,3.6438775
27.83,0.0
27.95,0.0
27.99,0.0
28.05,0.0
28.12,0.0
28.13,0.0
28.14,0.0
28.2,0.89444447
28.29,0.0
28.37,0.0
28.42,0.0
28.44,0.0
28.5,5.429455
28.78,0.0
28.91,0.0
29.03,0.0
29.05,0.0
29.15,0.0
29.23,0.0
29.29,0.0
29.4,0.0
29.42,0.0
29.62,0.0
29.63,0.0
29.7,2.5754716
29.74,0.0
29.75,2.0233333
29.77,0.0
29.78,0.0
29.89,0.0
29.93,0.0
29.96,0.0
30.0,5.771104
30.06,1.8628571
30.1,0.68666667
30.25,0.0
30.29,0.0
30.34,1.2766666
30.4,0.0
30.54,2.6446154
30.57,0.0
30.68,0.0
30.75,0.0
30.98,0.0
31.0,5.9975557
31.13,0.0
31.15,0.0
31.19,0.0
31.28,0.0
31.37,0.0
31.51,0.0
31.59,0.0
31.63,0.0
31.66,0.0
31.71,0.0
31.75,0.0
31.86,0.0
32.03,0.0
32.14,0.0
32.21,0.0
32.36,0.0
32.45,7.09375
32.51,0.0
32.72,0.0
32.8,6.1571927
33.14,0.0
33.15,0.0
33.21,0.0
33.34,0.0
33.54,0.0
33.63,0.0
33.93,0.0
33.97,0.0
34.09,0.0
34.3,4.7735415
34.33,0.0
34.39,0.0
34.4,0.7435714
34.42,0.0
34.46,0.0
34.86,0.0
34.96,0.0
35.09,0.0
35.28,0.0
35.43,0.0
35.44,0.0
35.46,1.6666666
35.47,0.0
35.69,2.8600001
35.7,2.7
35.77,0.0
35.81,0.0
35.96,0.0
36.14,0.0
36.5,6.913033
36.69,0.0
36.72,0.0
36.82,0.0
36.88,0.0
36.95,1.2416667
37.03,0.0
37.13,0.0
37.19,0.0
37.2,1.8269231
37.29,0.0
37.44,1.3657143
37.46,0.0
37.47,0.0
37.49,0.0
37.5,7.025958
37.78,0.0
38.1,0.0
38.14,0.0
38.19,0.0
38.58,1.0370588
38.64,0.0
38.71,0.0
38.89,0.0
39.03,1.5699999
39.1,1.97
39.27,0.0
39.51,0.0
39.57,0.0
39.7,5.2284784
39.83,0.0
39.84,0.0
39.92,0.0
39.98,7.08
40.02,0.0
40.03,0.0
40.05,10.65
40.1,1.61
40.13,0.0
40.18,0.0
40.56,5.667353
40.76,4.079
40.78,0.0
40.89,0.0
40.92,0.0
40.98,0.0
41.13,0.0
41.23,0.0
41.3,6.2419357
41.33,0.0
41.43,0.0
41.58,0.0
41.78,0.0
41.8,6.1865788
41.96,0.0
41.97,0.0
42.01,0.0
42.12,0.0
42.13,0.0
42.45,0.0
42.59,0.0
42.82,0.0
42.83,0.0
42.86,5.306667
42.91,0.0
43.23,0.0
43.25,5.2222223
43.34,0.0
43.41,0.0
43.55,5.323
43.89,0.0
43.91,0.0
43.92,0.0
43.93,0.0
44.01,0.0
44.05,2.9625
44.22,0.0
44.29,0.0
44.3,5.9385715
44.54,2.2425
44.55,0.0
44.66,0.0
44.74,0.0
44.8,5.4626923
44.97,0.0
45.0,7.8244395
45.01,1.5266666
45.05,2.72
45.06,6.3576922
45.11,0.0
45.2,6.08125
45.3,5.907619
45.33,0.0
45.49,0.0
45.67,0.0
45.69,0.0
45.7,1.0222222
45.73,0.0
45.82,0.0
46.3,4.7204347
46.33,0.0
46.4,0.0
46.47,0.0
46.51,0.0
46.61,0.0
46.73,0.0
46.74,0.0
46.96,0.0
46.99,0.0
47.0,7.9028945
47.01,6.3333335
47.04,0.0
47.07,0.0
47.36,4.0133333
47.45,0.0
47.46,0.0
47.59,0.0
47.63,0.0
47.78,0.0
47.81,0.0
47.84,0.0
47.86,0.0
47.92,0.0
48.32,0.0
48.45,0.0
48.58,0.0
48.83,0.0
48.9,4.633333
49.4,0.0
49.57,0.0
49.65,10.05
49.69,0.0
49.74,0.0
49.96,0.0
50.06,7.525
50.41,0.0
50.53,0.0
50.57,0.0
50.58,0.0
50.9,1.5
50.93,0.0
51.13,0.0
51.15,5.225
51.25,0.0
51.26,2.082
51.51,4.3166666
51.54,10.47
51.58,0.0
51.64,0.0
51.78,0.0
51.85,0.0
52.22,9.24
52.53,0.0
52.66,0.0
52.73,0.0
52.89,0.0
52.91,0.0
52.97,0.0
52.99,0.0
53.04,0.0
53.1,5.325
53.29,0.0
53.33,10.0
53.39,0.0
53.43,0.0
53.51,0.0
53.72,0.0
53.9,0.0
53.92,0.0
54.08,0.0
54.32,0.0
54.61,0.0
54.63,0.0
54.77,0.0
55.12,0.0
55.38,0.0
55.41,0.0
55.42,0.0
55.43,0.0
55.46,0.0
55.59,0.0
55.7,11.583333
55.71,0.0
55.73,0.0
55.95,0.0
56.19,0.0
56.31,8.466666
56.4,0.0
56.55,0.0
56.77,0.0
56.99,0.0
57.12,0.0
57.22,0.0
57.52,0.0
57.59,4.5933332
57.73,0.0
57.82,0.0
58.12,2.9459999
58.16,7.2975
58.21,0.0
58.27,7.3
58.3,9.701111
58.52,5.875
58.55,10.913333
58.61,0.0
58.78,8.996667
59.11,2.396
59.13,7.2966666
59.43,0.0
59.48,0.0
59.51,0.0
59.72,0.0
59.83,0.0
59.87,0.0
59.9,8.670714
60.07,0.0
60.39,7.0
60.43,0.0
60.45,0.0
60.53,0.0
60.65,0.0
60.73,0.0
60.76,9.93
61.37,5.0
61.74,0.0
61.84,0.0
62.06,7.258333
62.27,0.0
62.3,6.0953336
62.33,0.0
62.48,0.0
62.56,7.823125
62.58,12.68
62.6,10.0
62.81,0.0
62.91,0.0
63.0,10.83526
63.1,20.0
63.11,0.0
63.53,11.18
63.58,12.88
63.69,0.0
63.75,8.57
64.25,12.2965
64.44,0.0
64.98,0.0
65.02,0.0
65.04,0.0
65.05,10.16
65.08,0.0
65.19,0.0
65.54,0.0
65.6,13.576667
65.71,13.14
65.87,13.2
66.12,16.73
66.18,0.0
66.22,0.0
66.3,12.243333
66.41,0.0
66.6,7.57
66.7,8.96
66.92,0.0
67.53,14.195
67.65,7.35
67.89,9.735
67.91,0.0
68.02,10.0
68.06,5.9900002
68.16,0.0
68.25,11.337778
68.31,0.0
68.43,6.925
68.44,0.0
68.56,7.4396
68.73,0.0
69.0,12.144023
69.15,0.0
69.24,8.056666
69.35,13.93
69.38,0.0
69.52,0.0
70.2,5.0
70.49,0.0
70.6,13.0
71.0,12.471867
71.2,8.711429
71.28,10.0
71.4,0.0
71.76,14.216666
71.86,14.0
72.19,14.5
72.3,8.102
72.36,18.15
72.55,0.0
72.75,17.1
73.01,0.0
73.25,17.96
74.12,0.0
74.31,0.0
74.6,12.475
74.9,16.19
75.16,0.0
75.67,0.706
75.8,11.928637
75.86,15.0
75.9,15.34
76.25,8.47
76.43,23.17
76.44,10.0
76.54,0.0
76.85,15.53
77.31,0.0
77.34,0.0
77.5,13.592663
77.95,10.0
78.08,9.666667
78.2,8.333333
78.34,0.0
78.36,10.0
78.7,5.0
78.88,15.755
79.1,19.85
79.34,0.0
79.4,15.88
79.5,13.648625
79.79,13.482308
80.04,16.07
80.64,0.0
80.7,5.4
80.82,0.0
81.3,9.348571
82.39,0.0
83.55,20.4
83.81,0.0
84.25,13.723333
84.68,10.0
85.0,13.623116
85.05,17.17
85.56,17.0
85.74,17.2
85.97,17.25
86.06,15.0
86.7,5.0
87.34,0.0
87.48,15.04
87.76,10.0
88.1,0.0
88.25,10.0
88.55,11.833333
88.75,12.0
89.2,10.646153
89.27,17.91
89.3,14.528571
89.72,0.0
89.75,13.083333
90.25,13.0199995
90.8,13.28
90.81,0.0
91.0,14.540532
92.0,15.2974415
92.02,0.0
93.2,0.0
93.26,0.0
93.4,18.84
93.97,0.0
94.24,25.08
94.88,0.0
94.9,17.344
95.3,17.785
96.7,15.559999
96.94,0.0
97.75,19.925556
97.77,24.52
97.85,24.5
99.05,0.0
100.0,14.108437
100.06,30.11
101.1,25.0
101.74,20.51
102.05,11.025
102.5,15.777554
102.98,0.0
103.35,0.0
104.7,21.1
105.86,20.0
106.85,26.79
107.25,23.445
107.3,0.0
107.77,8.385
107.8,14.400001
109.0,17.305702
109.3,5.0
110.05,0.0
110.11,23.26
111.26,22.3
111.75,22.312
111.82,0.0
111.95,0.0
112.14,0.0
112.3,17.5
113.5,16.929445
114.25,22.006666
114.52,20.0
114.76,5.61
116.56,23.35
116.6,25.176666
116.66,15.520715
116.88,23.4
117.34,20.0
117.48,0.0
118.55,23.75
119.0,18.843765
122.52,6.0
123.33,0.0
125.0,17.515322
125.25,22.406
126.26,22.705
127.7,5.005
128.76,27.91
129.0,17.837786
130.33,14.88
130.75,12.944
130.8,28.82
131.85,26.43
132.22,28.654999
132.3,26.5
133.22,18.48
133.25,10.0
133.75,26.8
133.78,26.82
133.8,5.0
135.11,0.0
136.2,20.0
136.37,0.0
136.66,21.13
137.0,18.078587
137.5,20.114418
138.75,0.0
139.11,22.0
139.76,28.01
140.0,17.981668
141.2,47.48
142.25,31.76
143.0,19.929222
144.4,22.633333
144.44,17.223637
145.06,31.57
145.31,0.0
146.23,36.76
146.75,32.44
146.76,30.0
146.9,15.0
147.0,20.632385
148.5,23.048546
148.7,11.0
149.99,20.0
150.09,20.800001
150.5,19.341219
150.98,30.25
151.3,37.9
151.85,38.16
153.25,25.355
154.0,22.421122
155.13,35.45
155.56,44.575
155.7,0.0
155.76,24.502
156.5,19.773449
156.73,10.0
158.75,31.81
159.0,21.521511
160.09,52.02
160.11,20.0
164.56,0.05
166.0,20.949091
167.47,33.55
167.5,29.29107
171.25,35.433334
171.8,27.26
176.5,23.043142
177.5,18.22294
177.77,11.87
178.56,10.0
180.26,20.0
180.3,49.28
182.25,20.0
184.2,20.0
184.9,37.04
188.75,37.8
189.75,19.233334
189.8,0.0
193.5,33.63154
193.75,25.78875
194.0,19.873478
195.0,28.52981
196.32,0.0
196.5,24.52909
197.5,27.693333
200.15,40.19
201.11,40.38
206.55,0.0
206.75,11.0
211.0,20.875263
219.25,0.0
220.9,25.0
222.3,13.7
224.44,20.0
225.32,22.22
226.12,0.08
228.09,20.0
229.75,35.12
236.5,32.91
237.0,20.83125
237.5,36.65
242.75,54.22
244.5,50.02
245.75,50.0
245.76,0.0
246.25,49.41
255.0,32.371853
260.51,52.26
263.0,35.004444
265.5,35.503334
265.75,59.81
266.6,55.78
267.5,19.715
267.75,20.0
269.5,19.236666
282.35,0.0
286.6,57.38
291.25,58.3
326.5,0.0
328.0,43.825
331.5,66.56
333.3,0.0
338.0,10.0
349.51,30.0
351.0,0.0
359.5,75.6
368.0,14.11
374.0,37.13375
387.5,79.65
394.0,0.0
395.5,0.0
399.9,0.0
402.0,0.0
405.0,6.6666665
407.0,20.0
414.0,30.0
430.5,0.0
434.0,0.0
441.0,0.0
464.5,0.0
475.0,14.35
623.0,0.0
655.35,0.0
675.0,0.0
800.5,0.0
916.0,0.0
930.0,0.0
1124.0,0.0
1886.5,0.0
5000.0,0.0
6023.0,0.0
8016.5,0.0
20416.91,0.0
0.06,2.0
0.33,5.0
0.34,0.0
0.6,5.225714
0.66,0.0
0.68,0.0
0.69,0.0
0.7,0.10714286
0.78,2.13
0.85,0.225
1.04,4.3
1.2,0.00909091
1.36,0.0
1.68,0.0
1.69,0.0
1.76,0.0
2.07,0.0
2.28,0.62
2.3,0.8695652
2.4,0.0
2.77,0.0
3.1,0.0
3.3,1.3493334
3.33,1.05
4.3,0.908172
5.4,0.4525
5.79,0.0
5.96,3.2
6.26,0.0
6.35,1.33
6.88,1.6333333
7.3,1.4353446
7.35,0.34444442
7.97,1.39
8.05,1.6366667
8.33,0.915
8.46,0.0
8.76,1.3824999
8.93,0.0
8.96,1.53
9.49,3.09
9.58,2.45
9.66,0.0
9.81,2.0
9.95,0.0
10.05,2.17
10.09,1.56
10.6,1.3425
11.12,2.38
11.2,1.2282609
11.25,2.31
11.54,2.37
12.05,0.0
12.09,2.5466666
12.15,0.3225
12.35,1.8971429
12.38,2.64
12.4,2.48
12.44,0.0
12.74,0.0
12.85,0.0
13.13,0.0
13.25,0.0
13.3,2.4627779
13.33,1.9577273
13.75,3.275
13.94,1.29
14.33,1.515
14.45,3.81
14.63,2.31
14.89,3.8
15.08,0.0
15.17,0.0
15.23,0.0
15.47,0.0
15.52,0.46571428
15.6,2.0973334
15.62,0.0
15.66,0.5366667
15.83,0.0
15.97,0.0014285714
16.01,0.0
16.1,0.0
16.11,0.0
16.12,0.0
16.17,0.0
16.21,0.0
16.23,1.25
16.55,0.0
16.59,1.1266667
16.93,0.0
17.03,0.0
17.18,0.0
17.2,0.50714284
17.36,0.0
17.46,0.0
17.52,0.0
17.61,0.0
17.64,0.0
17.78,0.0
17.87,0.0
18.13,0.0
18.32,0.0
18.36,0.30583334
18.62,0.0
18.63,0.0
18.79,0.0
18.99,4.38
19.03,0.5528571
19.04,0.0
19.06,3.405
19.07,0.0
19.1,0.44222224
19.26,0.0
19.37,0.0
19.39,0.0
19.43,0.0
19.44,0.0
19.48,0.0
19.85,0.0
19.99,2.744
20.02,0.0
20.03,0.0
20.1,0.28928572
20.13,0.0
20.16,0.58428574
20.22,0.0
20.28,0.0
20.72,0.0
20.91,0.0
21.05,0.0
21.08,0.0
21.24,0.0
21.4,1.0653846
21.43,0.0
21.49,0.0
21.59,0.0
21.63,0.0
21.71,0.0
21.73,0.0
21.93,0.0
22.01,0.0
22.18,0.0
22.29,0.0
22.45,0.3791667
22.5,3.9534812
22.56,2.0116668
22.61,0.0
22.69,0.0
22.72,0.0
22.77,0.575
23.01,0.0
23.2,0.48000002
23.24,0.0
23.34,0.0
23.4,0.0
23.48,0.0
23.57,0.0
23.64,0.0
23.8,3.6566455
23.86,0.0
23.9,0.6914286
24.0,4.286993
24.18,0.0
24.29,0.0
24.3,3.9519355
24.63,0.0
24.64,0.0
24.73,0.0
24.77,0.0
24.84,0.0
24.99,1.6125
25.2,1.276
25.35,0.0
25.43,0.0
25.55,2.586
25.62,0.0
25.64,0.0
25.69,0.0
25.84,0.0
25.86,0.0
26.21,0.0
26.31,0.0
26.39,0.0
26.45,0.0
26.5,4.9156446
26.56,1.3675
26.63,0.0
26.64,0.0
26.75,0.68833333
26.81,0.0
26.83,0.0
26.89,0.0
26.91,0.0
27.0,5.036076
27.01,0.0
27.09,0.0
27.13,0.0
27.2,0.5384615
27.24,0.0
27.44,0.0
27.47,0.0
27.77,1.713
27.78,0.0
27.81,0.0
27.84,0.0
27.88,1.88
28.0,5.298817
28.07,0.0
28.1,0.0
28.28,0.0
28.3,4.020889
28.46,0.0
28.84,0.0
28.94,0.53846157
28.98,0.0
29.06,2.2726314
29.22,0.0
29.37,0.0
29.61,0.0
29.64,0.0
29.83,0.0
30.09,1.0899999
30.28,0.0
30.32,0.0
30.35,0.0
30.47,0.0
30.55,0.0
30.61,0.0
30.8,4.6472726
30.86,0.0
30.88,0.0
30.9,0.90571433
30.94,0.0
31.01,0.0
31.08,0.0
31.29,0.0
31.31,0.0
31.34,0.0
31.45,0.74230766
31.49,0.0
31.61,0.0
31.65,0.0
31.69,0.0
31.72,0.0
31.73,0.0
31.82,0.0
31.84,0.0
31.85,0.0
31.88,0.0
32.07,0.0
32.09,0.99375
32.24,0.0
32.33,0.0
32.4,1.0592308
32.44,0.0
32.75,0.0
32.77,0.0
32.79,0.0
32.81,0.0
32.83,0.0
32.85,0.0
32.99,1.23625
33.61,0.0
33.65,0.0
33.68,0.0
33.8,5.364706
33.82,0.0
33.83,0.0
33.95,0.0
34.1,0.7611111
34.36,0.94090915
34.44,0.67769235
34.47,0.0
34.55,5.745
34.67,0.0
34.9,0.0
35.11,0.0
35.17,0.0
35.5,6.753737
35.55,3.427
35.59,0.0
35.71,0.0
35.72,0.0
35.74,0.0
35.97,0.0
36.0,6.8251424
36.2,1.825
36.27,0.0
36.31,0.0
36.38,0.0
36.68,0.0
36.77,0.0
36.85,0.0
36.93,0.0
37.17,0.0
37.28,0.0
37.31,0.0
37.39,0.0
37.45,0.0
37.53,0.0
37.57,0.0
37.59,0.0
37.6,0.0
37.66,0.0
37.67,0.0
37.74,0.0
37.76,1.2933334
37.77,1.542
37.95,0.0
38.0,7.1187844
38.22,0.0
38.3,5.843235
38.31,0.0
38.4,0.774
38.44,1.0
38.45,0.0
38.46,0.0
38.55,4.855
38.59,1.1071428
38.69,0.0
38.76,2.4916666
38.79,0.8688889
38.98,6.925
39.04,0.0
39.2,5.562
39.24,0.0
39.52,2.016
39.6,0.0
40.07,2.0283334
40.42,0.0
40.43,0.0
40.5,7.3849373
40.77,0.0
40.94,0.0
41.02,0.0
41.08,0.0
41.1,0.0
41.14,0.0
41.18,0.0
41.24,0.0
41.48,0.0
41.5,7.500882
41.51,0.0
41.57,0.0
41.69,0.0
42.14,0.0
42.26,0.0
42.44,0.0
42.47,0.0
42.5,7.6093655
42.54,5.958
42.56,6.5888095
42.62,0.0
42.71,0.0
42.8,5.86
42.88,0.86
42.97,0.0
42.99,0.0
43.11,0.0
43.2,0.0
43.43,0.0
43.44,0.0
43.53,1.4783334
43.57,0.0
43.66,0.0
43.78,0.0
43.79,0.0
44.14,0.0
44.32,2.67
44.35,0.0
44.49,0.0
44.51,0.0
44.53,0.0
44.57,0.0
44.62,6.815
44.7,7.2648783
44.72,0.0
44.86,1.2857143
44.93,0.0
45.25,6.187143
45.38,0.0
45.39,0.0
45.59,3.0600002
45.64,0.0
45.66,0.0
45.9,5.8636365
45.92,0.0
46.18,0.0
46.25,0.0
46.48,0.0
46.49,0.0
46.57,0.0
46.63,2.3375
46.83,0.0
46.87,0.0
47.06,7.032
47.21,0.0
47.24,0.0
47.25,3.3325
47.39,0.0
47.52,0.0
47.57,0.0
47.75,4.472857
47.98,9.786487
48.0,8.054855
48.04,0.0
48.27,2.0233333
48.3,7.1984615
48.35,0.0
48.59,0.0
48.61,0.0
49.09,1.9760001
49.11,0.0
49.28,1.85625
49.43,0.0
49.48,0.0
49.64,0.0
49.71,0.0
49.79,0.0
50.19,0.0
50.25,0.0
50.31,0.0
50.37,0.0
50.47,1.7083334
50.5,8.11325
50.75,3.3999999
50.77,0.0
50.94,0.0
50.95,0.0
51.0,8.106594
51.2,5.375
51.27,0.0
51.29,0.0
51.43,0.0
51.46,0.0
51.48,0.0
51.49,2.512
51.67,0.0
51.72,0.0
51.89,0.0
52.0,7.599542
52.03,0.0
52.19,0.0
52.32,0.0
52.65,0.0
52.7,5.34
52.75,2.9837499
52.85,2.4916666
52.95,0.0
52.96,0.0
53.03,0.0
53.23,0.0
53.24,0.0
53.28,0.0
53.46,0.0
53.76,5.59
53.77,0.0
53.87,0.0
53.94,0.0
53.96,0.0
54.01,0.0
54.11,0.0
54.33,0.0
54.37,0.0
54.45,0.0
54.52,0.0
54.68,0.0
54.82,0.0
55.11,0.0
55.15,0.0
55.16,0.0
55.18,0.0
55.28,0.0
55.61,0.0
55.89,0.0
56.2,6.8399997
56.24,0.0
56.71,0.0
56.98,0.0
57.0,8.819543
57.15,0.0
57.21,0.0
57.4,4.806667
57.58,0.0
57.75,0.0
57.8,9.643913
57.9,5.0
57.97,0.0
58.05,0.0
58.06,9.2215
58.1,8.389999
58.13,10.709456
58.48,0.0
58.6,10.3155
58.62,7.853333
58.7,10.400938
58.71,0.0
58.73,0.0
58.77,7.445
58.85,0.0
58.87,0.0
58.9,9.855
59.58,11.965
59.59,11.192778
59.6,10.483571
59.64,0.0
59.88,9.2725
60.04,0.0
60.08,0.0
60.14,0.0
60.38,0.0
60.58,0.0
60.75,6.125
61.25,5.0
61.41,0.0
61.61,0.0
61.76,7.068333
61.78,0.0
61.87,0.0
61.93,0.0
62.03,6.235
62.35,13.205
62.38,9.0
62.8,11.212472
62.88,12.6
63.16,6.395
63.38,12.84
63.44,15.9
63.54,7.7785716
63.93,0.0
63.97,7.0
64.09,6.04
64.1,3.1
64.12,7.5
64.16,0.0
64.21,16.226667
64.73,0.0
64.79,0.0
65.1,13.18
65.14,0.0
65.22,0.0
65.45,10.233334
65.55,10.771772
65.84,5.0
66.29,0.0
66.32,11.66
66.55,18.415
66.59,0.0
66.69,14.65
66.8,10.591364
67.25,9.20875
67.59,15.65
67.66,13.559999
67.75,8.5
67.77,6.2366667
68.08,0.0
68.32,13.72
68.45,16.445
68.48,6.875
68.6,0.0
68.65,13.89
68.77,0.0
68.82,10.0
69.07,0.0
69.25,13.216795
69.44,0.0
69.46,6.9760003
69.56,10.333333
69.7,6.5605555
69.73,0.0
69.9,10.01
70.63,0.0
70.7,6.958
71.3,10.949166
71.35,8.645
71.58,0.0
71.75,0.0
72.05,14.57
72.26,15.25
73.7,5.525
73.85,17.43
73.97,0.0
74.05,0.0
74.37,15.08
74.55,10.02
74.62,15.49
74.66,7.5
74.89,15.04
75.25,11.267777
75.65,0.0
75.83,0.0
75.91,0.0
76.03,0.0
76.39,0.0
76.5,13.659145
76.53,0.0
76.86,0.0
77.23,15.51
77.73,15.71
77.8,4.6581817
78.06,3.9616668
78.48,0.0
78.55,8.59
78.64,7.945
78.75,19.925
78.89,0.0
78.9,9.0
79.06,16.4175
79.2,6.30625
79.36,6.4825
79.45,0.0
80.06,0.0
80.26,16.11
80.75,17.705
80.9,0.0
81.5,13.832949
82.0,13.584334
82.74,16.71
82.75,21.3
83.0,14.160313
83.09,10.0
83.1,0.0
83.25,13.047931
83.96,0.0
84.0,13.927652
84.08,16.98
84.55,15.8949995
84.56,0.0
84.7,15.5625
84.95,5.0
85.25,17.11
86.76,0.0
86.86,4.34
87.27,19.71
87.3,2.6666667
87.8,3.52
88.0,14.808656
88.6,4.0
88.71,0.0
88.8,14.197778
89.06,0.0
89.1,17.88
89.54,0.0
90.01,17.175
90.58,18.28
90.9,10.666667
90.98,0.0
91.02,15.0
91.6,10.0
93.09,10.0
93.36,0.0
93.56,0.0
94.6,18.98
94.99,21.16
95.25,28.08
95.43,0.0
95.76,14.625
95.9,12.893333
96.25,0.0
96.4,14.67
96.6,19.48
96.82,0.0
96.99,20.6
97.31,0.0
97.76,19.6
98.0,15.933955
98.12,0.0
98.23,21.91
98.25,20.487045
98.56,17.36
98.99,22.285
99.09,26.25
99.2,9.125
99.27,19.91
99.55,19.95
99.7,12.48
99.75,17.555386
99.95,30.05
100.02,5.005
100.3,10.625
101.13,0.0
101.51,5.0
101.75,15.035
101.8,20.42
103.6,23.35
103.74,24.56
104.56,20.95
104.64,23.59
105.5,16.904469
105.88,21.34
106.11,0.0
107.59,0.0
107.82,21.72
108.8,10.055
109.5,17.530447
110.5,17.374056
110.55,0.0
110.76,0.0
110.8,22.886
111.77,0.0
111.81,22.52
112.32,15.0
113.27,27.51
114.12,0.0
114.41,20.0
115.01,10.0
115.05,28.8
115.2,0.0
115.58,23.15
116.11,18.106
116.87,11.0
117.5,18.354778
119.75,26.31
120.0,16.68642
121.3,24.3
121.76,11.503333
123.12,0.0
123.3,0.0
124.5,18.096786
125.43,28.95
125.5,17.33909
125.56,12.0
126.66,19.246666
127.0,17.833158
127.33,10.0
127.6,10.0
128.88,27.494999
129.06,5.0
129.44,11.0
129.8,31.7
130.09,0.0
132.75,20.130001
133.3,26.82
135.55,4.5583334
135.75,27.31
138.88,26.421667
139.0,20.824444
140.09,20.0
140.45,35.19
142.28,5.0
143.36,28.7
143.75,23.568666
145.45,32.4
145.75,20.625
145.9,33.64
146.09,20.0
146.99,9.0
147.25,21.4475
149.0,18.915657
149.2,10.0
150.2,10.0
151.75,20.0
151.76,11.1
152.17,20.0
154.44,6.0
154.75,23.0
157.3,20.0
162.8,32.72
163.5,15.395
163.75,43.02
165.65,20.0
165.8,20.0
166.32,0.0
168.5,23.207273
169.4,10.0
171.5,9.1075
172.0,21.963
172.5,23.435184
173.7,10.0
175.55,30.211666
176.01,23.19
177.75,5.0
179.7,18.333334
183.87,40.95
184.5,24.052727
186.0,26.204193
186.44,46.81
190.0,23.903812
196.0,32.8735
199.5,24.334286
199.7,0.0
200.0,21.612541
201.0,26.214375
204.07,10.0
206.0,26.690926
206.5,23.425
207.5,31.091
208.0,31.556875
208.88,41.94
209.75,0.0
212.0,26.93132
221.0,24.762758
222.2,0.0
227.5,20.818
228.32,0.0
228.75,0.0
233.33,35.186665
233.5,36.0
238.5,16.365
241.5,42.7325
251.0,25.895
255.55,52.185
255.56,0.0
257.0,25.224813
261.5,39.675
279.0,14.166667
280.5,57.985
291.0,22.226667
291.5,27.0
294.5,0.0
296.5,56.555
298.5,0.0
299.2,0.0
299.5,35.03
302.0,30.329334
303.0,19.167501
306.5,0.0
310.5,72.92667
310.75,62.31
317.5,39.8125
319.0,26.6875
327.0,40.893333
333.5,10.0
346.5,0.0
350.0,30.870987
355.0,45.58
355.12,0.0
356.25,20.0
371.0,30.0
371.5,20.0
375.0,32.730835
376.76,0.25
377.0,0.0
380.5,0.0
382.8,0.0
384.5,0.0
392.0,42.186665
398.0,27.32
404.63,20.0
420.0,16.25
423.0,0.0
432.5,0.0
433.0,0.0
445.5,0.0
463.0,0.0
466.5,0.0
480.0,0.0
482.0,0.0
490.0,0.0
490.06,0.0
497.21,0.0
586.95,0.0
790.0,0.0
870.5,0.0
1302.0,0.0
2759.07,0.0
4414.0,0.0
6666.65,0.0
8006.5,0.0
214748.44,0.0
0.04,0.435
0.09,0.16666667
0.14,0.06333333
0.28,10.878
0.45,4.6535716
0.55,0.2
0.57,0.0
0.9,1.4
0.98,0.0
1.58,0.0
2.38,0.0
2.75,0.74636364
2.85,0.0
3.4,0.0
3.62,0.0
3.9,0.0
4.56,0.525
5.04,1.05
5.17,1.79
5.26,0.0
5.33,1.115
5.35,0.678
5.88,0.25
6.7,0.8596875
6.95,0.3625
7.29,2.02
7.7,0.76114285
8.17,0.0
8.4,1.738
8.7,6.0519047
9.08,2.1599998
9.3,1.8387779
9.48,1.54
10.1,0.43600002
10.99,0.0
11.3,2.1397831
11.37,2.43
11.88,2.54
11.89,0.84666663
11.9,1.496
12.36,1.664
13.1,3.5733333
13.39,1.42
13.41,0.0
13.7,1.772
13.76,0.0
14.03,4.45
14.27,1.43
14.42,3.65
14.44,1.9008334
15.06,0.0
15.18,0.0
15.22,0.88571423
15.37,0.0
15.42,0.0
15.43,0.0
15.51,0.4075
15.59,0.0
15.7,0.7
15.77,0.0
15.79,0.27666667
15.89,0.0
15.92,0.0
15.93,0.0
15.99,0.60181814
16.22,0.0
16.42,0.0
16.56,2.406
16.63,0.0
16.67,0.0
16.72,0.0
16.76,0.0
16.86,0.0
16.91,0.0
17.01,0.0
17.05,0.0
17.07,0.0
17.14,0.0
17.28,0.0
17.35,0.0
17.38,0.4375
17.39,0.0
17.4,3.54
17.55,0.0
18.01,0.0
18.02,0.0
18.16,0.0
18.42,0.0
18.72,0.0
18.77,0.0
18.84,0.0
18.86,0.0
19.12,0.0
19.25,0.40100002
19.28,0.0
19.51,0.0
19.55,0.23941177
19.56,4.03
19.57,0.11956522
19.62,0.0
19.66,0.0
19.8,3.2316804
19.82,0.0
20.06,5.05
20.21,0.0
20.26,0.0
20.38,0.0
20.46,0.0
20.77,0.0
20.78,0.0
20.8,3.771282
20.83,0.0
20.97,0.0
20.98,0.0
21.3,3.8066287
21.46,0.0
21.51,0.0
21.64,0.0
21.82,0.6466667
21.84,0.0
21.91,0.0
22.05,0.0
22.1,0.0
22.12,0.0
22.17,0.0
22.26,0.0
22.3,3.7564828
22.32,0.0
22.37,0.0
22.39,0.0
22.67,0.0
22.73,0.0
22.8,4.0226283
22.83,0.0
22.95,0.0
23.08,0.597
23.1,1.7172728
23.17,0.0
23.58,0.0
23.62,0.0
23.65,0.0
23.77,0.0
24.01,0.0
24.07,0.0
24.12,0.0
24.15,0.0
24.42,0.0
24.48,0.0
24.5,4.400243
24.52,0.0
24.53,0.0
24.75,0.0
24.79,0.0
24.83,0.73285717
24.94,0.0
25.07,0.0
25.12,0.0
25.18,0.0
25.21,0.0
25.37,0.0
25.39,0.0
25.56,1.2875
25.73,0.0
25.78,0.0
25.79,0.0
25.81,0.0
25.82,0.0
25.85,0.0
25.98,0.0
26.1,0.39999998
26.14,0.0
26.52,0.0
26.54,0.0
26.65,0.0
26.69,0.0
26.77,0.0
26.8,4.001053
26.86,0.0
27.23,0.0
27.4,0.0
27.45,0.0
27.51,0.0
27.7,2.4
27.72,0.0
27.87,0.0
27.97,0.0
28.03,0.0
28.11,0.0
28.15,0.0
28.47,0.0
28.51,0.0
28.54,0.0
28.68,0.0
28.76,0.0
28.79,0.0
28.88,2.24
29.18,0.0
29.31,0.0
29.41,0.0
29.46,0.0
29.47,0.0
29.58,0.0
29.66,0.0
29.69,0.0
29.79,0.0
29.87,0.0
29.9,0.0
29.94,1.4688889
30.04,0.0
30.08,0.0
30.22,0.0
30.26,0.86222225
30.5,5.9012074
30.7,1.8375
30.77,0.0
30.82,0.0
31.11,0.0
31.18,0.0
31.46,0.0
31.54,0.0
31.56,5.0025926
31.64,0.0
31.87,0.0
31.99,0.0
32.04,0.0
32.26,0.96666664
32.31,0.0
32.5,6.270936
33.04,0.61545455
33.2,1.2035714
33.35,0.0
33.59,0.0
33.69,0.0
33.74,0.0
33.79,0.0
34.04,0.0
34.15,0.0
34.18,0.0
34.29,0.0
34.31,0.0
34.5,6.5964966
35.04,0.0
35.2,4.6925
35.25,0.5469231
35.32,0.0
35.45,0.0
35.56,5.553125
35.86,1.0285714
35.9,0.3531818
36.18,0.0
36.28,0.0
36.34,0.0
36.67,0.0
36.74,0.0
36.78,0.0
36.84,0.0
37.0,6.9560747
37.33,0.0
37.42,0.0
37.68,0.0
37.71,0.0
37.82,0.0
37.94,0.0
38.03,0.49333334
38.08,1.2
38.18,0.0
38.2,4.25
38.21,0.0
38.26,0.89
38.33,0.0
38.38,0.0
38.39,0.0
38.6,0.0
38.82,0.0
38.85,3.1200001
38.86,1.1647059
39.09,0.0
39.22,0.0
39.29,0.0
39.39,0.0
39.42,0.0
39.45,0.0
39.77,0.0
39.9,1.4825
40.08,0.0
40.25,6.155294
40.26,3.4510002
40.3,7.165625
40.33,2.025
40.49,0.0
40.58,0.0
40.6,0.0
40.67,0.0
40.88,0.0
41.12,0.0
41.16,2.0725
41.25,1.8183333
41.26,2.0742857
41.36,1.3833333
41.66,0.0
41.68,0.0
41.76,2.524
41.92,0.0
41.99,0.0
42.22,3.5683334
42.25,2.5
42.35,2.115
42.46,1.9399999
42.63,0.0
42.66,0.0
42.67,0.0
42.75,6.951
42.81,0.0
42.85,2.7275
43.04,0.0
43.05,0.0
43.06,7.2660003
43.12,0.0
43.15,0.0
43.35,0.0
43.4,0.0
43.54,1.60875
43.61,0.0
43.67,0.0
43.7,2.2
43.77,0.0
43.84,1.2614286
43.87,0.0
43.94,0.0
43.99,0.0
44.04,0.0
44.18,5.62
44.2,7.355161
44.26,5.786
44.27,0.0
44.34,0.0
44.41,0.0
44.59,0.0
44.63,0.0
44.88,0.0
44.92,0.0
45.09,7.46
45.21,0.0
45.26,0.0
45.28,0.0
45.35,0.0
45.42,0.0
45.53,0.0
45.6,0.0
45.81,0.0
45.96,0.0
46.02,0.0
46.03,0.0
46.22,0.0
46.23,0.0
46.28,0.0
46.38,0.0
46.55,1.16375
46.58,0.0
46.59,0.0
46.6,1.4
46.68,0.0
46.86,0.0
46.89,0.0
46.91,0.0
47.23,0.0
47.32,0.0
47.43,0.0
47.47,0.0
47.51,0.0
47.73,0.0
47.74,2.8639998
47.82,0.0
47.96,2.0316665
47.97,0.0
48.02,0.0
48.07,0.0
48.14,0.0
48.15,0.0
48.19,0.0
48.22,0.0
48.26,1.75
48.5,7.9832706
48.64,0.0
48.69,0.0
48.82,0.0
48.89,0.0
49.02,0.0
49.05,0.0
49.16,0.0
49.39,0.0
49.72,0.0
50.02,9.416667
50.09,6.5363636
50.17,0.0
50.18,0.0
50.21,0.0
50.28,0.0
50.29,0.0
50.66,1.6666666
50.84,0.0
51.05,0.0
51.1,0.0
51.11,0.0
51.3,3.0246153
51.35,0.0
51.69,0.0
51.76,8.9345455
51.82,0.0
51.87,0.0
51.88,0.0
51.94,0.0
52.02,0.0
52.14,0.0
52.2,6.32
52.25,10.522338
52.4,0.0
52.67,0.0
52.74,0.0
52.8,9.305408
53.06,5.341
53.12,0.0
53.13,0.0
53.15,0.0
53.16,5.345
53.18,0.0
53.27,0.0
53.47,0.0
53.6,3.0033333
53.67,0.0
53.81,0.0
53.85,0.0
54.02,0.0
54.15,5.495
54.36,3.6333332
54.4,5.4228573
54.5,8.492869
54.54,2.7425
54.56,6.5066667
54.59,0.0
55.01,0.0
55.04,0.0
55.14,0.0
55.24,0.0
55.25,6.7871428
55.35,0.0
55.75,7.05
55.76,9.519334
56.03,0.0
56.27,0.0
56.28,0.0
56.29,0.0
56.53,0.0
56.54,0.0
56.6,10.156667
56.69,0.0
56.72,0.0
56.76,4.29
56.79,0.0
56.81,0.0
56.84,0.0
57.2,10.896429
57.23,0.0
57.32,0.0
57.37,0.0
57.55,0.0
57.7,5.6057143
57.76,8.645261
58.01,0.0
58.18,0.0
58.24,9.07
58.33,9.85
58.34,10.683803
58.46,10.152554
58.56,10.241085
58.65,4.2999997
58.72,8.893333
58.91,0.0
58.96,0.0
58.97,0.0
59.05,20.8
59.18,0.0
59.4,1.4925
59.44,0.0
59.61,0.0
59.68,0.0
59.76,10.282
59.98,12.05
60.2,7.733333
60.29,0.0
60.36,0.0
60.46,0.0
60.51,0.0
60.89,0.0
61.26,6.205
61.28,0.0
61.35,0.0
61.39,0.0
61.45,3.3833332
61.58,12.35
61.6,0.0
61.68,0.0
61.8,10.409286
61.86,0.0
61.94,0.0
61.95,0.0
62.17,0.0
62.25,12.232
62.55,3.3333333
62.59,6.34
62.61,12.55
62.66,0.0
63.05,8.843077
63.06,11.606503
63.22,12.7
63.25,10.79234
63.29,0.0
63.42,13.37
63.79,6.46
63.8,10.600345
64.03,6.405
64.06,10.346429
64.17,0.0
64.3,12.155
64.35,10.0
64.36,12.93
64.41,0.0
64.48,0.0
64.85,12.490666
65.06,6.016
65.36,11.615
65.88,16.5
65.95,0.0
65.99,8.35
66.16,0.0
66.62,0.0
66.9,0.0
67.26,0.0
67.78,0.0
67.79,13.66
67.8,12.284243
67.9,17.05
68.0,11.908495
68.2,9.082222
68.47,9.166667
68.91,0.0
69.08,6.99
69.17,0.0
69.34,14.708
69.43,0.0
69.48,7.03
70.36,14.13
70.55,7.135
70.59,21.05
70.73,7.0
70.85,14.33
71.03,0.0
71.25,13.2527275
71.26,14.3
71.36,21.65
71.48,0.0
71.59,9.886666
71.6,0.0
71.8,10.721666
72.23,14.51
72.29,0.0
72.78,10.0
72.85,14.73
73.0,12.607831
73.15,0.0
73.6,7.39
73.73,0.0
73.76,9.94
74.0,12.933817
74.06,11.037143
74.09,14.85
74.61,0.0
74.64,0.0
74.69,7.55
74.8,11.926154
75.0,12.119418
75.4,15.08
75.62,0.0
75.66,0.0
75.75,16.785
76.0,13.355022
76.04,0.0
76.07,15.37
76.76,10.0
76.8,9.382222
76.82,0.0
76.84,15.43
77.02,0.0
77.16,15.59
77.26,8.0
77.33,0.0
77.75,17.74
78.0,13.798945
78.25,14.566667
78.3,11.997334
78.63,15.75
79.68,15.95
80.3,17.988
81.18,0.0
81.46,16.35
81.88,10.0
81.96,0.0
82.51,0.0
83.7,9.45
83.92,0.0
84.1,10.0
84.3,13.781538
85.8,14.2978945
85.98,26.03
86.3,13.01
86.5,14.669989
86.66,8.0
87.5,14.91458
87.9,20.14
88.26,18.0
88.34,17.73
88.5,15.047469
89.0,15.215925
89.4,17.94
89.53,0.0
91.85,16.215
92.52,0.0
93.3,15.128
93.6,3.3333333
93.73,11.0
93.75,13.186097
94.2,11.875
94.7,12.45
94.8,7.708
95.05,19.17
95.09,9.59
96.56,19.31
96.8,12.806666
96.81,19.4
97.26,19.61
98.3,22.146667
98.36,0.0
98.88,10.0
98.95,20.0
99.06,0.0
99.3,10.01
99.56,10.1
99.8,12.523334
100.11,7.5
100.76,20.0
101.11,48.86
103.5,17.297789
103.85,0.0
104.5,16.863602
104.55,0.0
105.02,21.05
106.56,15.0
106.75,10.0
106.94,0.0
107.07,27.0
108.75,21.91
110.0,16.4523
110.1,8.41
111.1,13.641818
111.8,22.0
112.55,5.64
113.0,16.401836
113.11,6.6666665
113.75,23.23
114.3,0.0
115.5,17.932693
116.5,18.195156
116.8,0.0
117.0,17.452173
117.06,0.0
118.19,37.25
118.56,15.0
118.89,0.0
120.56,24.15
121.11,10.0
121.5,19.180922
121.8,25.880001
122.25,20.852
123.46,10.0
123.57,24.77
124.24,10.0
124.25,10.0
125.3,25.06
125.55,16.332273
125.7,24.0
126.5,20.411173
126.9,10.0
128.26,6.6666665
129.47,25.95
130.25,26.21
131.75,18.205
132.0,18.990519
132.26,26.61
134.55,15.0
134.7,18.0
137.58,27.65
137.99,19.93
138.0,21.120358
138.01,20.0
141.3,42.39
141.5,18.975435
143.81,20.0
144.25,40.26
145.5,15.081
145.55,19.043
148.3,29.72
149.5,18.772352
149.9,37.55
150.26,5.5
151.0,21.690596
154.55,15.0
155.0,21.099022
155.05,45.55
157.0,22.568314
157.52,0.0
159.3,34.12
159.48,31.95
160.5,22.965925
166.75,32.5
168.0,22.378958
168.75,27.514
170.82,29.0
171.0,19.846666
171.7,0.0
173.6,25.0
174.3,34.96
175.5,19.671305
179.5,31.902779
179.75,37.15
180.0,21.983892
180.8,27.896666
182.0,22.898506
182.2,39.0
185.5,20.836842
185.65,37.15
188.5,17.618334
188.6,0.0
188.88,19.00125
189.74,43.13
190.05,47.59
192.5,27.25
200.33,10.0
201.6,40.35
202.5,26.184668
204.0,19.876667
204.5,23.392
207.0,30.32275
209.5,39.743332
209.99,43.31
210.8,42.22
211.5,37.723846
211.83,8.0
213.0,18.13
214.0,20.017084
215.0,30.110952
216.51,43.46
216.8,0.0
218.18,0.0
221.76,45.55
222.5,15.099999
223.33,47.015
224.2,45.0
224.25,23.9
225.0,27.503468
229.5,38.634
229.99,27.5
232.5,27.13
235.55,20.0
249.0,21.117777
250.09,200.0
252.5,32.879997
257.8,0.0
259.0,27.66
259.5,31.25
260.0,29.835476
260.5,16.472
266.64,20.0
270.73,15.0
271.51,54.46
273.5,0.0
276.89,83.12
280.25,5.0
283.5,50.0
286.5,46.3825
286.75,50.0
290.26,0.0
293.5,0.0
297.2,68.6
302.5,3.5
305.0,37.052856
308.5,0.0
310.0,29.176363
312.0,41.78889
313.0,27.4675
313.76,0.0
318.0,37.96
322.0,62.743332
324.5,30.0
341.0,20.0
347.0,47.567497
358.88,0.0
372.0,0.0
373.33,0.0
391.0,51.12
396.0,146.1775
397.5,0.0
398.6,0.0
428.5,0.0
439.0,0.0
449.0,0.0
450.5,40.0
456.0,7.5
468.0,12.0
485.0,4.6666665
488.5,10.0
500.0,0.5
504.0,10.0
525.0,6.6666665
526.5,0.0
676.0,0.0
700.0,0.0
980.0,0.0
1016.5,0.0
1450.0,0.0
2242.7,0.0
0.1,1.2958823
0.13,5.05
0.21,13.26
0.26,0.0
0.27,30.0
0.49,23.5
0.53,3.25
0.59,0.0
0.63,0.0
0.64,0.0
0.75,0.046
0.89,51.5
1.13,7.6666665
1.26,0.0
1.42,0.0
1.63,0.0
1.66,0.0
1.74,0.0
1.78,0.0
2.0,6.487851
2.05,0.0
2.12,0.0
2.25,0.0
2.69,0.0
3.45,0.0
5.15,0.0
5.2,0.4542857
5.3,1.0439482
5.44,1.55
5.75,0.15125
6.8,1.2844971
6.9,0.98545456
7.55,0.6666667
7.89,0.75
7.95,0.0
8.3,1.6028188
8.55,0.14384615
8.75,0.0
9.39,2.04
9.41,1.07
10.18,0.0
10.71,2.5275
11.11,2.2321112
11.51,0.0
11.8,2.186558
12.06,2.57
12.1,2.6766667
12.33,2.53
12.55,0.8566666
12.86,1.0
13.11,2.65
13.16,2.65
13.2,1.735
13.35,0.0
13.56,1.6814286
13.99,1.21
14.25,2.18
14.99,3.4675
15.02,0.0
15.04,0.0
15.11,0.0
15.33,0.69222224
15.35,0.20666666
15.55,1.6025532
15.61,0.0
16.19,0.0
16.27,0.0
16.39,0.21111111
16.46,0.0
16.51,0.0
16.54,0.0
16.66,2.1977777
16.71,0.0
16.75,0.2925
16.79,0.0
16.8,2.6298676
17.04,0.0
17.48,0.0
17.71,0.0
17.75,0.5553846
17.98,0.0
18.04,0.0
18.18,0.0
18.25,0.5
18.41,0.468
18.46,0.0
18.49,0.0
18.75,0.55857146
18.88,1.4375
19.02,0.0
19.14,0.0
19.16,0.0
19.21,0.65
19.46,0.0
19.53,0.0
19.71,0.0
19.84,0.0
19.86,0.0
20.33,0.0
20.36,0.66125
20.43,0.0
20.51,0.0
20.61,0.0
20.66,0.0
20.69,0.0
20.7,0.9333333
20.73,0.0
20.76,0.0
20.89,0.0
20.92,0.0
21.12,0.0
21.15,0.0
21.32,0.0
21.39,2.1866667
21.42,0.0
21.45,0.0
21.66,0.64142853
21.74,0.0
21.75,0.0
21.79,0.0
21.92,0.0
22.15,0.0
22.31,0.0
22.38,0.0
22.4,0.32142857
22.44,0.0
22.53,0.0
22.54,0.0
22.63,0.0
22.74,0.0
22.97,0.0
23.06,0.24578948
23.14,0.0
23.29,0.0
23.32,0.0
23.36,0.0
23.51,0.0
23.73,0.0
23.76,0.0
23.82,0.0
23.83,0.0
23.85,0.53666663
23.98,0.0
24.16,0.0
24.36,0.0
24.45,0.0
24.51,0.0
24.78,0.0
24.88,0.0
25.15,0.505
25.19,0.0
25.23,0.0
25.29,0.0
25.31,0.0
25.34,0.0
25.45,0.0
25.66,0.0
25.83,0.65
25.96,0.0
25.99,0.5555556
26.02,0.0
26.04,0.0
26.05,0.0
26.16,0.336875
26.17,0.0
26.2,0.6727273
26.26,1.75
26.28,0.0
26.4,1.2057143
26.42,0.0
26.49,0.0
26.66,1.1358333
26.7,2.1636364
26.78,0.0
26.84,0.0
27.19,0.0
27.21,0.0
27.22,0.0
27.59,0.0
27.6,0.0
27.62,0.0
27.65,0.0
27.66,0.0
27.76,0.0
27.93,0.0
27.98,0.0
28.09,0.0
28.27,0.0
28.61,0.0
28.64,0.0
28.83,0.0
28.86,0.0
29.1,0.735
29.16,0.0
29.2,3.26
29.27,0.0
29.3,5.4043055
29.5,5.6712914
29.51,0.0
29.8,4.0836487
29.81,0.0
30.16,0.0
30.31,0.0
30.33,1.275
30.43,0.0
30.52,0.0
30.53,0.0
30.66,0.0
30.78,0.0
30.81,0.0
30.92,0.0
31.07,0.0
31.12,0.0
31.14,0.0
31.24,0.0
31.26,3.15
31.4,0.0
31.42,0.0
31.44,0.95
31.5,6.1029305
31.76,0.0
31.92,0.0
32.15,0.6766666
32.46,0.0
32.54,2.382857
32.63,0.0
32.82,0.0
32.84,0.0
32.94,0.0
32.95,0.0
32.97,0.0
33.07,0.0
33.08,0.0
33.13,0.0
33.36,0.0
33.42,0.0
33.44,0.0
33.47,0.0
33.51,0.0
33.58,0.0
33.6,1.6959999
33.72,0.0
33.77,0.0
33.89,0.0
33.9,0.0
33.96,0.0
34.19,0.0
34.21,0.0
34.22,0.0
34.25,0.0
34.34,0.63909096
34.35,2.9033334
34.38,0.0
34.52,0.0
34.53,0.0
34.57,0.0
34.58,0.0
34.63,0.0
34.7,3.028261
34.74,0.0
34.85,0.0
34.92,0.0
34.93,0.0
35.07,0.0
35.13,0.0
35.3,6.645
35.31,0.0
35.38,0.0
35.51,0.0
35.75,0.0
35.76,2.16375
35.78,0.0
35.79,0.91499996
35.82,0.0
35.93,0.0
35.94,0.0
35.99,0.0
36.02,0.0
36.03,0.0
36.04,0.0
36.1,0.0
36.26,2.4107692
36.35,0.0
36.62,0.0
36.63,0.0
37.06,5.3268747
37.1,0.63166666
37.34,1.526
37.38,0.0
37.51,0.84
37.55,0.0
37.75,0.9722222
37.98,8.6
38.02,0.0
38.07,0.0
38.09,0.0
38.13,0.0
38.52,0.0
38.67,1.1271428
38.84,0.0
38.9,3.5575
39.17,0.0
39.69,0.0
39.72,0.0
39.81,0.0
39.86,1.2
39.88,0.0
39.89,0.0
40.15,0.0
40.17,0.0
40.32,0.0
40.34,0.0
40.46,0.0
40.47,0.0
40.79,0.75636363
40.84,0.0
40.9,2.0866666
40.97,0.0
41.15,0.0
41.22,0.0
41.27,0.0
41.32,0.0
41.44,0.0
41.45,0.0
41.53,0.0
41.55,0.0
41.71,0.0
41.89,0.0
42.07,0.0
42.1,0.0
42.2,6.0625
42.28,0.0
42.34,0.0
42.49,0.0
42.58,0.0
42.74,0.0
42.92,0.0
42.98,0.0
43.18,0.0
43.21,0.0
43.28,1.4699999
43.29,0.0
43.56,7.0988574
43.63,0.0
43.64,0.0
43.8,7.7789655
43.95,0.0
43.98,0.0
44.06,7.202857
44.1,0.0
44.13,0.0
44.17,0.0
44.25,1.1266667
44.36,0.0
44.39,0.0
44.47,0.0
44.67,0.0
44.75,2.25
44.83,0.0
44.85,0.0
45.02,0.0
45.03,0.0
45.08,0.0
45.1,1.816
45.18,0.0
45.27,1.5183333
45.5,7.7762995
45.54,8.283014
45.78,0.0
45.85,0.0
45.88,1.11
45.94,0.0
45.97,0.0
46.0,7.895391
46.01,0.0
46.17,0.0
46.26,2.91
46.43,0.0
46.44,0.0
46.53,0.0
46.65,0.0
46.93,0.0
47.02,0.0
47.12,0.0
47.35,0.0
47.62,0.0
47.65,2.4
47.66,0.0
47.69,0.0
47.7,3.0714285
47.77,0.0
47.8,10.038356
47.88,0.0
48.06,6.63
48.4,0.0
48.41,0.0
48.43,0.0
48.48,0.0
48.51,0.0
48.56,7.6635714
48.71,0.0
48.92,0.0
49.1,3.3333333
49.14,0.0
49.23,0.0
49.31,3.3333333
49.33,0.0
49.58,0.0
49.68,0.0
49.73,0.0
49.85,0.0
49.9,5.0
50.11,0.0
50.15,0.0
50.42,0.0
50.45,0.0
50.54,3.175
50.68,0.0
50.74,0.0
50.78,0.0
50.79,2.58
50.96,0.0
50.98,0.0
51.16,0.0
51.23,0.0
51.24,0.0
51.4,0.0
51.56,6.585385
52.01,0.0
52.08,0.0
52.09,6.29
52.17,0.0
52.26,10.5
52.36,2.755
52.39,0.0
52.46,0.0
52.52,5.28
52.58,2.5
52.61,0.0
52.68,0.0
52.71,0.0
52.72,0.0
53.22,0.0
53.56,8.158571
53.73,0.0
53.75,3.6366665
53.88,4.7799997
53.89,0.0
53.95,0.0
53.98,0.0
54.04,0.0
54.06,6.917143
54.48,0.0
54.7,5.9793334
54.8,8.451875
54.92,0.0
54.97,0.0
55.0,8.469725
55.29,0.0
55.3,7.1215386
55.32,0.0
55.55,8.805403
55.6,2.2775002
55.63,0.0
55.64,0.0
55.68,0.0
55.79,0.0
55.81,0.0
55.93,0.0
55.99,6.6666665
56.06,4.133333
56.08,0.0
56.18,0.0
56.34,0.0
56.42,0.0
56.48,0.0
56.56,11.948571
56.58,10.005
56.97,0.0
57.02,0.0
57.11,0.0
57.26,5.0
57.43,8.3
57.47,0.0
57.49,0.0
57.5,8.895415
57.6,5.0
57.69,0.0
57.72,0.0
57.77,7.095714
57.81,8.79
57.89,0.0
58.0,9.389635
58.29,11.78
58.42,0.0
58.45,14.48
58.59,8.006154
58.68,0.0
58.89,3.9799998
59.01,9.9
59.08,5.0
59.38,0.0
59.46,8.0
59.5,9.251809
59.54,0.0
60.17,5.0
60.41,0.0
60.63,0.0
60.66,4.13
60.84,0.0
61.04,0.0
61.12,0.0
61.2,4.96
61.27,0.0
61.3,9.671818
61.47,0.0
61.5,9.857908
61.55,7.73
61.92,0.0
62.04,0.0
62.07,0.0
62.09,0.0
62.1,6.225
62.57,0.0
63.01,11.3
63.2,12.47
63.55,7.53
63.57,6.435
63.64,0.0
63.74,0.0
63.76,11.207468
63.98,0.0
64.11,6.49
64.19,0.0
64.26,1.25
64.5,10.9118
64.64,0.0
64.78,0.0
64.84,0.0
64.86,6.515
64.89,9.345
64.99,8.555
65.09,10.205455
65.25,11.318824
65.31,0.0
65.37,0.0
65.53,0.0
65.59,0.0
65.63,0.0
65.67,0.0
65.72,0.0
65.98,13.25
66.26,0.0
66.66,8.0975
66.79,6.206667
66.98,0.0
67.58,0.0
67.63,0.0
67.76,11.913901
68.58,13.811539
68.7,10.218667
68.81,0.0
68.98,10.0
69.26,6.775
69.5,12.213742
69.69,12.246082
69.83,15.83
69.84,0.0
69.89,14.456667
69.93,0.0
70.22,0.0
70.38,0.0
70.48,0.0
70.99,0.0
71.55,0.0
71.64,0.0
71.77,0.0
71.84,0.0
72.06,9.754286
72.28,0.0
72.63,14.55
72.77,0.0
72.87,0.0
73.03,14.61
73.05,11.08
73.22,0.0
73.53,0.0
73.99,15.0
74.25,13.823333
74.34,0.0
74.42,0.0
74.53,8.11
75.02,15.0
75.09,0.0
75.11,0.0
75.3,14.704166
75.35,0.0
75.56,9.65
76.09,13.639999
76.2,0.0
76.26,0.0
76.75,7.5
76.97,0.0
77.25,10.476666
77.32,23.25
77.36,15.47
77.4,7.82
77.84,0.0
77.92,0.0
78.09,12.0
78.81,0.0
79.0,13.650048
79.83,0.0
79.85,16.13
79.95,0.0
80.0,11.925428
80.08,19.833332
80.25,9.486667
80.8,7.1925
82.22,3.3333333
82.88,0.0
83.8,15.124
84.06,8.435
84.37,16.93
84.53,15.0
84.59,5.0
84.6,16.95
85.03,0.0
85.3,15.098333
85.65,17.19
85.73,15.0
85.86,18.25
86.0,14.365507
86.2,0.0
87.35,21.91
88.46,17.75
88.72,0.0
88.85,17.8
88.87,0.0
89.63,0.0
90.5,14.570521
92.86,10.37
93.25,15.292222
93.28,0.0
94.06,11.5
96.0,15.334254
96.36,19.33
96.88,24.25
97.0,15.285756
97.23,0.0
97.25,10.225715
97.5,16.468813
97.92,19.64
98.49,29.64
98.8,8.73
98.83,0.0
98.98,0.0
99.0,15.2395
100.04,21.22
100.05,21.326666
102.45,8.0
106.5,17.04761
107.1,10.0
107.15,0.0
107.5,16.243372
108.3,16.4
108.5,18.329107
109.06,10.0
112.06,11.225
112.52,22.66
112.75,15.0
113.35,26.08
113.8,5.0
115.0,16.983654
115.3,23.22
115.55,21.884193
116.0,17.779411
117.3,10.0
117.35,10.0
118.5,19.703384
118.88,17.17
119.99,17.72
120.22,20.0
120.76,10.0
121.33,24.3
121.75,12.5
122.0,20.13534
124.06,24.87
125.52,12.58
125.8,18.063334
127.51,23.699999
128.25,14.04125
129.5,18.36256
129.7,16.773333
131.26,28.8
131.46,0.0
131.5,21.867613
132.25,15.905
133.33,17.663334
134.52,21.02
135.35,0.0
137.26,27.5
140.44,0.0
142.8,28.72
143.55,28.75
144.2,10.0
146.36,29.43
147.9,15.0
148.58,0.0
148.88,31.9
149.7,10.75
149.75,21.52
150.3,0.0
150.99,37.8
152.41,0.0
152.5,21.46811
154.5,32.14435
155.55,21.366053
156.0,22.697731
160.08,30.0
160.76,23.93
160.8,20.075
161.0,24.712448
161.25,35.95
163.32,0.0
164.5,21.077223
164.76,15.0
166.56,0.0
167.25,42.29
167.33,42.03
169.9,39.995
170.25,38.61
170.75,20.0
171.1,34.25
178.06,44.72
180.76,15.0
182.02,36.45
183.25,36.71
184.0,26.196825
186.5,24.5085
187.0,26.09111
187.87,5.0
191.36,0.0
191.5,24.494
192.0,27.237442
192.8,29.31
194.44,8.0
194.75,30.2
196.25,27.155
198.75,0.0
198.98,39.85
199.09,0.0
199.25,30.5525
205.5,17.18111
206.66,20.0
208.5,30.50125
210.0,24.066988
217.18,0.0
217.5,29.309
218.75,16.6
220.5,20.016666
222.72,47.85
224.7,0.0
225.5,30.130001
225.55,22.575
228.0,27.437796
231.49,20.0
232.22,46.6
235.0,33.730145
236.0,31.854286
245.0,27.999783
247.5,25.1
249.2,20.0
251.5,0.0
253.5,27.366667
258.0,27.988125
258.75,40.0
261.12,60.0
265.0,29.275122
270.0,25.924025
270.7,20.0
271.11,54.25
271.5,62.739998
272.8,0.0
274.5,0.0
275.5,59.66
278.32,10.0
282.5,7.1833334
285.5,34.4275
287.5,29.785
287.77,20.0
295.5,0.0
295.9,0.0
297.0,17.2125
307.0,3.3333333
308.75,99.32
318.97,0.0
332.5,0.0
333.35,0.0
346.0,34.625
349.0,55.04
360.0,38.33
380.0,44.231667
381.85,20.0
387.0,40.0
390.0,26.85
392.12,0.0
399.0,33.333332
415.0,0.0
416.0,0.1
430.0,45.0
432.0,7.5
470.0,19.333334
533.0,0.0
555.0,114.05
618.5,0.0
680.0,0.0
690.0,0.0
721.0,0.0
762.0,108.0
861.5,0.0
999.99,0.0
1000.0,0.0
1018.5,0.0
2000.5,0.0
9999.5,0.0
398460.06,0.0
